Source Port,Destination Port,NAT Source Port,NAT Destination Port,Action,Bytes,Bytes Sent,Bytes Received,Packets,Elapsed Time (sec),pkts_sent,pkts_received
57222,53,54587,53,allow,177,94,83,2,30,1,1
56258,3389,56258,3389,allow,4768,1600,3168,19,17,10,9
6881,50321,43265,50321,allow,238,118,120,2,1199,1,1
50553,3389,50553,3389,allow,3327,1438,1889,15,17,8,7
50002,443,45848,443,allow,25358,6778,18580,31,16,13,18
51465,443,39975,443,allow,3961,1595,2366,21,16,12,9
60513,47094,45469,47094,allow,320,140,180,6,7,3,3
50049,443,21285,443,allow,7912,3269,4643,23,96,12,11
52244,58774,2211,58774,allow,70,70,0,1,5,1,0
50627,443,16215,443,allow,8256,1674,6582,31,75,15,16
43676,80,45378,80,allow,696,378,318,12,35,7,5
52190,443,16680,443,allow,7942,870,7072,22,15,10,12
50690,80,20479,80,allow,4805,3639,1166,16,31,9,7
55597,53,45448,53,allow,168,86,82,2,30,1,1
49164,443,45916,443,allow,7292,950,6342,19,75,9,10
36887,443,63451,443,allow,10922,2532,8390,27,28,13,14
1939,53,33288,53,allow,210,78,132,2,30,1,1
50281,53,33175,53,allow,195,102,93,2,30,1,1
57222,53,51448,53,allow,177,94,83,2,30,1,1
56710,53,57885,53,allow,177,94,83,2,30,1,1
48488,443,26104,443,allow,12993,3240,9753,36,24,18,18
50691,80,62082,80,allow,4237,3610,627,15,31,8,7
50693,80,54649,80,allow,4465,3390,1075,14,30,8,6
1940,53,23603,53,allow,210,78,132,2,30,1,1
50172,53,37056,53,allow,211,78,133,2,30,1,1
38802,53,38802,53,allow,216,90,126,2,30,1,1
50281,53,8038,53,allow,195,102,93,2,30,1,1
50051,443,1683,443,allow,7912,3269,4643,23,96,12,11
52192,443,41129,443,allow,13948,1150,12798,29,15,14,15
57886,443,10717,443,allow,33667,25477,8190,60,33,34,26
50289,80,7131,80,allow,7166,1086,6080,18,87,9,9
58615,443,30095,443,allow,6796,1541,5255,23,121,11,12
38551,53,14191,53,allow,168,78,90,2,30,1,1
64787,53,29856,53,allow,728,102,626,2,30,1,1
34529,443,30445,443,allow,62652,30891,31761,158,381,67,91
52184,443,13267,443,allow,13902,3253,10649,26,135,14,12
60377,443,34261,443,allow,8678,2974,5704,50,123,27,23
59347,80,59347,80,allow,108790,4633,104157,192,15,66,126
50077,443,40548,443,allow,7976,3333,4643,23,25,12,11
50149,80,2917,80,allow,11574,901,10673,20,46,11,9
50004,443,10108,443,allow,8745,2603,6142,19,15,11,8
60411,80,48309,80,allow,1589,941,648,11,121,6,5
60354,80,7611,80,allow,644,256,388,8,124,5,3
60399,80,36861,80,allow,1168,815,353,10,122,6,4
60348,80,15161,80,allow,10335,1617,8718,19,124,9,10
60420,80,1065,80,allow,14498,6454,8044,24,120,12,12
60423,443,61729,443,allow,6849,1103,5746,23,120,12,11
60360,443,62556,443,allow,5212,1101,4111,22,123,12,10
60363,443,28558,443,allow,5214,1101,4113,22,123,12,10
9523,443,27776,443,allow,7199,1410,5789,22,33,11,11
63842,45682,31353,45682,allow,4687209,3850148,837061,4974,107,3004,1970
60430,443,49199,443,allow,5696,1143,4553,23,119,12,11
59878,443,30562,443,allow,3864,2812,1052,17,112,8,9
53179,12502,28254,12502,allow,70,70,0,2,7,2,0
60414,80,46472,80,allow,5124,3499,1625,14,121,8,6
60400,80,41884,80,allow,1704,808,896,10,122,6,4
60407,443,49458,443,allow,8328,1611,6717,25,121,14,11
60398,80,57820,80,allow,378,192,186,7,122,4,3
60339,80,1887,80,allow,35136,7862,27274,53,124,26,27
38641,443,31615,443,allow,318,192,126,6,14,4,2
54996,53,2476,53,allow,168,86,82,2,31,1,1
48066,443,56844,443,allow,62,62,0,1,4,1,0
60811,40010,33835,40010,allow,316,136,180,6,5,3,3
52103,80,61932,80,allow,68083,5515,62568,90,38,40,50
52195,443,11275,443,allow,13948,1150,12798,29,15,14,15
50000,53,16568,53,allow,502,115,387,4,52,2,2
52193,443,50924,443,allow,13948,1150,12798,29,15,14,15
55234,53,5157,53,allow,177,94,83,2,29,1,1
50692,80,30484,80,allow,5727,3584,2143,15,31,8,7
60370,80,40899,80,allow,1243,769,474,9,123,6,3
65401,53,57745,53,allow,235,102,133,2,29,1,1
51737,53,3505,53,allow,231,78,153,2,30,1,1
50685,80,6959,80,allow,63891,26626,37265,86,34,39,47
52191,443,46265,443,allow,7882,810,7072,21,15,9,12
54557,80,41721,80,allow,2091,799,1292,10,15,6,4
48818,443,11974,443,allow,4167,1669,2498,23,15,12,11
64223,53,57211,53,allow,199,94,105,2,30,1,1
49245,53,34102,53,allow,376,126,250,2,29,1,1
65258,443,17337,443,allow,6043,1568,4475,11,120,4,7
64399,53,50659,53,allow,230,110,120,2,29,1,1
55234,53,22160,53,allow,177,94,83,2,30,1,1
64593,53,56394,53,allow,94,94,0,1,30,1,0
56911,53,36658,53,allow,177,94,83,2,31,1,1
53977,22266,9645,22266,allow,492,306,186,8,17,5,3
50148,80,57004,80,allow,9058,868,8190,18,46,10,8
53178,42671,48767,42671,allow,70,70,0,2,8,2,0
52181,443,64436,443,allow,7855,815,7040,21,15,9,12
65004,53,23515,53,allow,323,94,229,2,30,1,1
46265,443,19534,443,allow,173828,9311,164517,245,448,118,127
49158,443,27828,443,allow,14490,4227,10263,35,36,19,16
33067,53,47200,53,allow,168,78,90,2,30,1,1
56911,53,39355,53,allow,177,94,83,2,30,1,1
22767,53,22767,53,allow,226,106,120,2,30,1,1
52715,443,38027,443,allow,164840,5975,158865,179,122,61,118
33845,80,39303,80,allow,424,210,214,7,27,4,3
61442,443,19223,443,allow,3403,1891,1512,24,42,13,11
9446,443,50836,443,allow,8672,1863,6809,22,46,11,11
52194,443,38386,443,allow,12374,1090,11284,27,15,13,14
58306,443,59387,443,allow,864,436,428,13,29,7,6
42412,443,55628,443,allow,204,70,134,4,26,2,2
56710,53,52813,53,allow,177,94,83,2,30,1,1
61396,443,45721,443,allow,550484,8433,542051,541,246,99,442
61273,443,55960,443,allow,19675,8597,11078,137,480,68,69
50016,53,14072,53,allow,766,103,663,4,41,2,2
58307,443,36806,443,allow,934,506,428,14,29,8,6
55182,53,36739,53,allow,293,94,199,2,30,1,1
56911,53,31733,53,allow,177,94,83,2,30,1,1
41631,443,38429,443,allow,20180,2917,17263,35,124,14,21
38637,443,8499,443,allow,12339,2392,9947,36,287,15,21
45317,53,22055,53,allow,86,86,0,1,30,1,0
56704,53,2427,53,allow,318,94,224,2,30,1,1
49410,53,62890,53,allow,177,94,83,2,30,1,1
56504,53,45710,53,allow,102,102,0,1,30,1,0
50003,443,32664,443,allow,13812,3042,10770,29,16,15,14
40737,443,35009,443,allow,44004,3909,40095,80,135,38,42
38082,443,14308,443,allow,284,164,120,4,15,2,2
36036,443,36036,443,allow,261234,32183,229051,326,212,153,173
55476,53,58894,53,allow,232,110,122,2,30,1,1
49395,53,40831,53,allow,390,111,279,4,53,2,2
56172,53,35826,53,allow,253,87,166,4,30,2,2
56624,53,36589,53,allow,177,94,83,2,31,1,1
57470,20220,32069,20220,allow,870,330,540,12,2308,6,6
33856,443,15413,443,allow,8171028,105740,8065288,6637,149,745,5892
59983,443,26904,443,allow,296863,14073,282790,351,127,130,221
15503,63425,41497,63425,allow,481,150,331,2,1200,1,1
53987,16571,20059,16571,allow,70,70,0,1,5,1,0
53986,54070,39036,54070,allow,70,70,0,1,5,1,0
64094,1024,62040,1024,allow,70,70,0,1,5,1,0
64095,1976,59706,1976,allow,70,70,0,1,5,1,0
52126,443,21159,443,allow,1672,1149,523,13,37,8,5
52144,80,16896,80,allow,366,240,126,7,33,5,2
50816,443,50681,443,allow,134,60,74,3,6,2,1
50057,80,26007,80,allow,1570,754,816,10,16,6,4
52146,80,44068,80,allow,366,240,126,7,33,5,2
54139,53,64934,53,allow,168,78,90,2,31,1,1
49410,53,29049,53,allow,177,94,83,2,31,1,1
53994,16605,15809,16605,allow,70,70,0,2,8,2,0
35242,8635,35242,8635,allow,138,78,60,2,6,1,1
52148,80,27900,80,allow,366,240,126,7,33,5,2
49900,443,28761,443,allow,1820,1101,719,18,73,10,8
43931,53,36161,53,allow,168,78,90,2,31,1,1
51048,445,0,0,drop,70,70,0,1,0,1,0
51045,445,0,0,drop,70,70,0,1,0,1,0
13394,23,0,0,deny,60,60,0,1,0,1,0
61078,57470,0,0,deny,62,62,0,1,0,1,0
55725,445,0,0,drop,70,70,0,1,0,1,0
55723,445,0,0,drop,70,70,0,1,0,1,0
55724,445,0,0,drop,70,70,0,1,0,1,0
51125,445,0,0,drop,66,66,0,1,0,1,0
51123,445,0,0,drop,66,66,0,1,0,1,0
51122,445,0,0,drop,66,66,0,1,0,1,0
51121,445,0,0,drop,66,66,0,1,0,1,0
51126,445,0,0,drop,66,66,0,1,0,1,0
51124,445,0,0,drop,66,66,0,1,0,1,0
51120,445,0,0,drop,66,66,0,1,0,1,0
51119,445,0,0,drop,66,66,0,1,0,1,0
62776,62413,0,0,deny,146,146,0,1,0,1,0
51041,445,0,0,drop,70,70,0,1,0,1,0
46448,30170,0,0,deny,159,159,0,1,0,1,0
10688,25174,0,0,deny,146,146,0,1,0,1,0
34086,25174,0,0,deny,62,62,0,1,0,1,0
64605,25174,0,0,deny,62,62,0,1,0,1,0
51039,445,0,0,drop,70,70,0,1,0,1,0
56688,25174,0,0,deny,62,62,0,1,0,1,0
57015,42707,0,0,deny,62,62,0,1,0,1,0
41213,25174,0,0,deny,62,62,0,1,0,1,0
57131,8055,0,0,deny,145,145,0,1,0,1,0
45855,25174,0,0,deny,62,62,0,1,0,1,0
54483,25174,0,0,deny,66,66,0,1,0,1,0
45855,25174,0,0,deny,146,146,0,1,0,1,0
49990,62413,0,0,deny,66,66,0,1,0,1,0
1582,56205,0,0,deny,62,62,0,1,0,1,0
65003,57470,0,0,deny,78,78,0,1,0,1,0
55718,445,0,0,drop,70,70,0,1,0,1,0
55717,445,0,0,drop,70,70,0,1,0,1,0
55713,445,0,0,drop,70,70,0,1,0,1,0
55708,445,0,0,drop,70,70,0,1,0,1,0
63486,51505,0,0,deny,66,66,0,1,0,1,0
54100,37965,0,0,deny,62,62,0,1,0,1,0
51034,445,0,0,drop,70,70,0,1,0,1,0
51107,445,0,0,drop,66,66,0,1,0,1,0
51105,445,0,0,drop,66,66,0,1,0,1,0
51104,445,0,0,drop,66,66,0,1,0,1,0
1815,22114,0,0,deny,66,66,0,1,0,1,0
443,47582,0,0,deny,60,60,0,1,0,1,0
443,47582,0,0,deny,85,85,0,1,0,1,0
443,47582,0,0,deny,100,100,0,1,0,1,0
59126,57470,0,0,deny,66,66,0,1,0,1,0
27621,50584,0,0,deny,62,62,0,1,0,1,0
52266,50038,0,0,deny,66,66,0,1,0,1,0
56456,1433,0,0,deny,60,60,0,1,0,1,0
43537,2323,0,0,deny,60,60,0,1,0,1,0
40772,15503,0,0,deny,74,74,0,1,0,1,0
50594,25174,0,0,deny,66,66,0,1,0,1,0
4323,64147,0,0,deny,62,62,0,1,0,1,0
55703,445,0,0,drop,70,70,0,1,0,1,0
55701,445,0,0,drop,70,70,0,1,0,1,0
55696,445,0,0,drop,70,70,0,1,0,1,0
55698,445,0,0,drop,70,70,0,1,0,1,0
34349,25174,0,0,deny,146,146,0,1,0,1,0
39587,22114,0,0,deny,62,62,0,1,0,1,0
42542,25174,0,0,deny,62,62,0,1,0,1,0
49529,21247,0,0,deny,62,62,0,1,0,1,0
64579,37965,0,0,deny,66,66,0,1,0,1,0
51021,445,0,0,drop,70,70,0,1,0,1,0
53771,57470,0,0,deny,66,66,0,1,0,1,0
15701,37965,0,0,deny,146,146,0,1,0,1,0
4529,56205,0,0,deny,62,62,0,1,0,1,0
45060,37965,0,0,deny,62,62,0,1,0,1,0
32554,34729,0,0,deny,62,62,0,1,0,1,0
51018,445,0,0,drop,70,70,0,1,0,1,0
47913,25174,0,0,deny,146,146,0,1,0,1,0
55686,445,0,0,drop,70,70,0,1,0,1,0
55683,445,0,0,drop,70,70,0,1,0,1,0
55679,445,0,0,drop,70,70,0,1,0,1,0
2206,25174,0,0,deny,62,62,0,1,0,1,0
64808,62413,0,0,deny,62,62,0,1,0,1,0
17244,22114,0,0,deny,62,62,0,1,0,1,0
51095,445,0,0,drop,66,66,0,1,0,1,0
51014,445,0,0,drop,70,70,0,1,0,1,0
58925,25174,0,0,deny,66,66,0,1,0,1,0
32549,37807,0,0,deny,146,146,0,1,0,1,0
51012,445,0,0,drop,70,70,0,1,0,1,0
52838,37965,0,0,deny,66,66,0,1,0,1,0
34217,23,0,0,deny,60,60,0,1,0,1,0
52459,33890,0,0,deny,60,60,0,1,0,1,0
51010,445,0,0,drop,70,70,0,1,0,1,0
55678,445,0,0,drop,70,70,0,1,0,1,0
6666,3389,0,0,deny,60,60,0,1,0,1,0
1024,21854,0,0,reset-both,157,157,0,1,0,1,0
55677,445,0,0,drop,70,70,0,1,0,1,0
25533,22114,0,0,deny,62,62,0,1,0,1,0
47132,1433,0,0,deny,60,60,0,1,0,1,0
56119,37965,0,0,deny,62,62,0,1,0,1,0
51080,445,0,0,drop,66,66,0,1,0,1,0
51076,445,0,0,drop,66,66,0,1,0,1,0
51003,445,0,0,drop,70,70,0,1,0,1,0
54502,34729,0,0,deny,66,66,0,1,0,1,0
53626,30317,0,0,deny,66,66,0,1,0,1,0
53712,25174,0,0,deny,66,66,0,1,0,1,0
51001,445,0,0,drop,70,70,0,1,0,1,0
33726,44847,0,0,deny,62,62,0,1,0,1,0
22568,37965,0,0,deny,66,66,0,1,0,1,0
443,49988,0,0,deny,82,82,0,1,0,1,0
55667,445,0,0,drop,70,70,0,1,0,1,0
55665,445,0,0,drop,70,70,0,1,0,1,0
55660,445,0,0,drop,70,70,0,1,0,1,0
55658,445,0,0,drop,70,70,0,1,0,1,0
53985,30188,0,0,deny,62,62,0,1,0,1,0
57613,42707,0,0,deny,62,62,0,1,0,1,0
6666,6001,0,0,deny,60,60,0,1,0,1,0
45941,23386,0,0,deny,60,60,0,1,0,1,0
51000,445,0,0,drop,70,70,0,1,0,1,0
51071,445,0,0,drop,66,66,0,1,0,1,0
50999,445,0,0,drop,70,70,0,1,0,1,0
50998,445,0,0,drop,70,70,0,1,0,1,0
55759,5900,0,0,deny,60,60,0,1,0,1,0
50995,445,0,0,drop,70,70,0,1,0,1,0
50992,445,0,0,drop,70,70,0,1,0,1,0
51067,445,0,0,drop,66,66,0,1,0,1,0
51066,445,0,0,drop,66,66,0,1,0,1,0
51065,445,0,0,drop,66,66,0,1,0,1,0
51062,445,0,0,drop,66,66,0,1,0,1,0
51057,445,0,0,drop,66,66,0,1,0,1,0
51063,445,0,0,drop,66,66,0,1,0,1,0
51059,445,0,0,drop,66,66,0,1,0,1,0
55651,445,0,0,drop,70,70,0,1,0,1,0
21268,62609,0,0,deny,146,146,0,1,0,1,0
21268,62609,0,0,deny,146,146,0,1,0,1,0
55648,445,0,0,drop,70,70,0,1,0,1,0
55646,445,0,0,drop,70,70,0,1,0,1,0
55644,445,0,0,drop,70,70,0,1,0,1,0
50980,445,0,0,drop,70,70,0,1,0,1,0
50979,445,0,0,drop,70,70,0,1,0,1,0
23758,44847,0,0,deny,62,62,0,1,0,1,0
50975,445,0,0,drop,70,70,0,1,0,1,0
53324,44847,0,0,deny,66,66,0,1,0,1,0
50970,445,0,0,drop,70,70,0,1,0,1,0
50969,445,0,0,drop,70,70,0,1,0,1,0
53243,57470,0,0,deny,74,74,0,1,0,1,0
64776,25174,0,0,deny,66,66,0,1,0,1,0
50547,22197,0,0,deny,66,66,0,1,0,1,0
64298,50584,0,0,deny,66,66,0,1,0,1,0
30456,36237,0,0,deny,62,62,0,1,0,1,0
56816,443,16188,443,allow,7956,1967,5989,20,15,11,9
52011,80,26180,80,allow,23580,10536,13044,36,39,18,18
50198,3389,50198,3389,allow,3343,1454,1889,15,16,8,7
56624,53,45708,53,allow,170,87,83,2,30,1,1
56813,443,32005,443,allow,8021,2001,6020,20,16,11,9
52007,443,2667,443,allow,10217,8266,1951,33,39,20,13
64092,14447,29856,14447,allow,66,66,0,1,5,1,0
64270,443,64270,443,allow,4747,1840,2907,19,27,11,8
51163,443,48007,443,allow,9466,2602,6864,41,185,20,21
52469,443,22069,443,allow,29896,14149,15747,61,209,35,26
46898,53,46898,53,allow,194,87,107,2,30,1,1
53198,443,53198,443,allow,4591,1684,2907,19,28,11,8
5886,80,5886,80,allow,138678,5557,133121,152,16,58,94
56815,443,53722,443,allow,7903,1914,5989,20,15,11,9
52270,3708,62556,3708,allow,316,136,180,6,6,3,3
52264,43015,38341,43015,allow,70,70,0,2,7,2,0
62685,443,28394,443,allow,7023,2352,4671,18,75,10,8
49333,443,8337,443,allow,50226,4284,45942,76,75,31,45
62892,443,62892,443,allow,4377,1470,2907,19,30,11,8
50487,3389,50487,3389,allow,6312,2620,3692,25,24,12,13
39430,443,21846,443,allow,506,292,214,8,50,5,3
45232,80,45232,80,allow,2895,1484,1411,10,15,6,4
51164,443,28609,443,allow,5040,2743,2297,34,185,18,16
64099,55470,50878,55470,allow,66,66,0,1,5,1,0
52240,52893,2825,52893,allow,66,66,0,1,5,1,0
48550,443,45303,443,allow,778,358,420,12,43,6,6
47845,53,47845,53,allow,243,94,149,2,32,1,1
52263,16350,50284,16350,allow,70,70,0,2,8,2,0
53177,8595,28264,8595,allow,70,70,0,2,9,2,0
53984,57077,2292,57077,allow,70,70,0,1,5,1,0
56674,443,44964,443,allow,237,177,60,3,5,2,1
34440,53,34440,53,allow,235,90,145,2,32,1,1
44389,443,27883,443,allow,3067,1817,1250,18,16,8,10
52265,32078,35097,32078,allow,70,70,0,2,7,2,0
54996,53,39612,53,allow,168,86,82,2,35,1,1
35609,443,35165,443,allow,237,177,60,3,5,2,1
55727,43736,19578,43736,allow,70,70,0,1,5,1,0
56911,53,21649,53,allow,170,87,83,2,30,1,1
50193,3389,50193,3389,allow,3409,1454,1955,16,16,8,8
49935,53,10954,53,allow,75,75,0,1,30,1,0
52852,53,0,0,allow,82,82,0,1,30,1,0
59226,53,59226,53,allow,194,87,107,2,30,1,1
60286,443,29238,443,allow,7576,1897,5679,23,136,13,10
27313,53,27313,53,allow,194,87,107,2,31,1,1
55674,53,14625,53,allow,744,89,655,2,31,1,1
40814,53,40814,53,allow,213,87,126,2,31,1,1
53067,4040,59736,4040,allow,115,115,0,1,31,1,0
56730,53,30044,53,allow,170,87,83,2,31,1,1
46713,53,46713,53,allow,217,87,130,2,31,1,1
32806,53,32806,53,allow,194,87,107,2,31,1,1
56434,53,6758,53,allow,701,88,613,2,31,1,1
51221,64767,41578,64767,allow,330,330,0,6,1200,6,0
19502,53,19502,53,allow,198,89,109,2,31,1,1
53151,53,29237,53,allow,168,78,90,2,31,1,1
56086,443,31892,443,allow,6817,3598,3219,32,143,15,17
27839,53,27839,53,allow,213,87,126,2,31,1,1
22835,51221,0,0,deny,62,62,0,1,0,1,0
65305,51221,0,0,deny,66,66,0,1,0,1,0
23001,64147,0,0,deny,62,62,0,1,0,1,0
52128,37807,0,0,deny,62,62,0,1,0,1,0
23632,64147,0,0,deny,66,66,0,1,0,1,0
48706,23393,0,0,deny,60,60,0,1,0,1,0
64288,53,54415,53,allow,398,103,295,4,41,2,2
52041,80,18599,80,allow,2901,1407,1494,15,38,9,6
64087,80,46757,80,allow,314,192,122,6,15,4,2
56052,53,22562,53,allow,177,94,83,2,30,1,1
52150,80,40663,80,allow,546,300,246,10,32,6,4
48706,23393,0,0,deny,60,60,0,1,0,1,0
55641,445,0,0,drop,70,70,0,1,0,1,0
55642,445,0,0,drop,70,70,0,1,0,1,0
55640,445,0,0,drop,70,70,0,1,0,1,0
51050,445,0,0,drop,66,66,0,1,0,1,0
35207,22114,0,0,deny,62,62,0,1,0,1,0
55635,445,0,0,drop,70,70,0,1,0,1,0
50957,445,0,0,drop,70,70,0,1,0,1,0
51432,25174,0,0,deny,146,146,0,1,0,1,0
51047,445,0,0,drop,66,66,0,1,0,1,0
51046,445,0,0,drop,66,66,0,1,0,1,0
51045,445,0,0,drop,66,66,0,1,0,1,0
17925,26467,0,0,deny,66,66,0,1,0,1,0
34993,15503,0,0,deny,62,62,0,1,0,1,0
8040,44847,0,0,deny,66,66,0,1,0,1,0
39588,25174,0,0,deny,66,66,0,1,0,1,0
51042,445,0,0,drop,66,66,0,1,0,1,0
2978,48817,0,0,deny,66,66,0,1,0,1,0
1536,48817,0,0,deny,62,62,0,1,0,1,0
43269,50584,0,0,deny,66,66,0,1,0,1,0
33453,64147,0,0,deny,62,62,0,1,0,1,0
51414,22,0,0,deny,60,60,0,1,0,1,0
34810,25174,0,0,deny,62,62,0,1,0,1,0
50951,445,0,0,drop,70,70,0,1,0,1,0
5685,35440,0,0,deny,62,62,0,1,0,1,0
55633,445,0,0,drop,70,70,0,1,0,1,0
51598,56079,0,0,deny,66,66,0,1,0,1,0
40239,22114,0,0,deny,146,146,0,1,0,1,0
443,18368,0,0,deny,60,60,0,1,0,1,0
55622,445,0,0,drop,70,70,0,1,0,1,0
52145,80,50375,80,allow,366,240,126,7,32,5,2
50039,7000,50039,7000,allow,3050,1659,1391,16,15,9,7
56717,80,40230,80,allow,3894448,104279,3790169,4041,97,1411,2630
52162,443,20113,443,allow,1461,924,537,13,31,7,6
52272,37105,49502,37105,allow,316,136,180,6,6,3,3
56504,53,24881,53,allow,198,102,96,2,32,1,1
64098,10096,50669,10096,allow,70,70,0,1,4,1,0
52241,51717,19106,51717,allow,70,70,0,1,4,1,0
52143,80,6472,80,allow,366,240,126,7,32,5,2
50050,443,8381,443,allow,7912,3269,4643,23,95,12,11
52164,443,54936,443,allow,4187,773,3414,16,30,9,7
52115,443,22081,443,allow,11551,3870,7681,29,37,16,13
52147,80,1117,80,allow,366,240,126,7,32,5,2
52157,80,19874,80,allow,366,240,126,7,32,5,2
55526,80,37218,80,allow,78,78,0,2,8,2,0
52151,80,38473,80,allow,546,300,246,10,32,6,4
49359,443,64650,443,allow,63494,7222,56272,107,81,49,58
60512,6881,33887,6881,allow,320,140,180,6,6,3,3
53982,24226,55007,24226,allow,70,70,0,1,4,1,0
53985,26515,42482,26515,allow,70,70,0,1,4,1,0
16965,3389,16965,3389,allow,4085,1916,2169,21,18,12,9
52000,80,35679,80,allow,3604,2064,1540,15,40,10,5
38717,443,31292,443,allow,958865,18695,940170,908,16,266,642
56624,53,34436,53,allow,177,94,83,2,30,1,1
49795,53,44891,53,allow,263,94,169,2,30,1,1
50057,53,37422,53,allow,177,94,83,2,30,1,1
55306,53,39881,53,allow,177,94,83,2,30,1,1
52159,80,23650,80,allow,502,310,192,9,31,6,3
52153,80,26645,80,allow,366,240,126,7,32,5,2
55725,14704,64431,14704,allow,70,70,0,1,5,1,0
50711,80,19117,80,allow,1658,1247,411,8,15,5,3
58304,443,13109,443,allow,13442,1200,12242,26,29,11,15
58305,443,38970,443,allow,11659,1027,10632,25,29,11,14
60291,53,5136,53,allow,78,78,0,1,30,1,0
56555,53,42493,53,allow,348,94,254,2,30,1,1
49436,53,61599,53,allow,718,94,624,2,30,1,1
64226,53,54672,53,allow,245,94,151,2,30,1,1
55379,443,27244,443,allow,13679,7277,6402,35,262,15,20
33825,443,41237,443,allow,9407,2233,7174,38,96,16,22
19763,53,19763,53,allow,216,82,134,2,32,1,1
56741,53,5499,53,allow,370,94,276,2,30,1,1
51041,80,59300,80,allow,1514,480,1034,11,15,6,5
56663,53,41717,53,allow,181,94,87,2,33,1,1
56440,53,62063,53,allow,212,102,110,2,30,1,1
49961,443,64983,443,allow,16890,7125,9765,33,98,19,14
52236,15313,26526,15313,allow,70,70,0,1,5,1,0
56052,53,19569,53,allow,177,94,83,2,30,1,1
53971,80,16324,80,allow,662,448,214,10,15,7,3
64196,53,65372,53,allow,262,94,168,2,30,1,1
38330,123,58815,123,allow,184,94,90,2,30,1,1
49935,53,45170,53,allow,168,86,82,2,30,1,1
55639,53,27613,53,allow,244,94,150,2,30,1,1
53470,53,29709,53,allow,168,78,90,2,30,1,1
51986,80,28001,80,allow,1420,888,532,11,49,7,4
40831,80,63406,80,allow,1614,1300,314,10,15,5,5
36138,443,58693,443,allow,50384,5218,45166,76,99,26,50
33151,53,41502,53,allow,168,78,90,2,30,1,1
50563,53,11644,53,allow,718,94,624,2,30,1,1
50480,443,25461,443,allow,57535,3735,53800,70,122,26,44
57138,443,59763,443,allow,70379,4205,66174,101,403,51,50
52152,80,10469,80,allow,366,240,126,7,32,5,2
55724,45682,6518,45682,allow,70,70,0,1,5,1,0
51999,80,34655,80,allow,20433,10970,9463,34,42,19,15
51934,443,39970,443,allow,9735,2891,6844,36,82,17,19
56521,53,35277,53,allow,305,86,219,2,30,1,1
50056,27018,7128,27018,allow,468,390,78,5,30,4,1
65078,53,19268,53,allow,177,94,83,2,30,1,1
55999,443,53262,443,allow,45632,2078,43554,58,120,22,36
43088,5228,50878,5228,allow,4708,1753,2955,27,4133,12,15
37647,443,55661,443,allow,697381,19797,677584,725,106,247,478
58424,443,8670,443,allow,81295,4140,77155,114,117,42,72
52142,80,50942,80,allow,246,120,126,5,32,3,2
52155,80,52769,80,allow,366,240,126,7,32,5,2
65524,443,51488,443,allow,282968,9210,273758,296,15,106,190
52163,443,4704,443,allow,4187,773,3414,16,30,9,7
52161,443,17095,443,allow,1461,924,537,13,31,7,6
53995,41985,42236,41985,allow,70,70,0,2,7,2,0
51221,51413,17316,51413,allow,460,150,310,2,1200,1,1
65525,443,9387,443,allow,92247,4799,87448,107,15,43,64
52080,80,40918,80,allow,27100,21684,5416,39,38,25,14
52158,80,31502,80,allow,502,310,192,9,31,6,3
10151,11888,57602,11888,allow,491,150,341,2,1200,1,1
52154,80,54882,80,allow,366,240,126,7,32,5,2
49899,443,6307,443,allow,1820,1101,719,18,72,10,8
53983,40500,9041,40500,allow,70,70,0,1,4,1,0
49668,443,64842,443,allow,1288,754,534,13,50,5,8
64093,64828,53558,64828,allow,70,70,0,1,4,1,0
52237,16801,7817,16801,allow,70,70,0,1,5,1,0
57242,53,53275,53,allow,184,86,98,2,29,1,1
60833,443,43148,443,allow,1157,817,340,10,26,5,5
32971,443,57614,443,allow,300,180,120,4,15,2,2
52027,80,10157,80,allow,9732,8170,1562,18,38,10,8
56172,53,12622,53,allow,253,87,166,4,29,2,2
56663,53,55920,53,allow,181,94,87,2,30,1,1
56773,80,16432,80,allow,1462,703,759,8,16,5,3
44421,443,9990,443,allow,2548,1565,983,20,330,11,9
55806,53,2252,53,allow,200,102,98,2,30,1,1
17129,53,49932,53,allow,225,78,147,2,31,1,1
51404,443,29692,443,allow,9076,2650,6426,35,247,15,20
36503,443,18047,443,allow,3549,899,2650,13,120,6,7
53660,443,62189,443,allow,2955,864,2091,11,119,5,6
54401,443,33851,443,allow,11527127,373718,11153409,12286,144,4090,8196
52018,80,60048,80,allow,4988,2667,2321,15,38,10,5
55726,32463,19971,32463,allow,70,70,0,1,5,1,0
50054,443,33481,443,allow,7630,839,6791,20,79,9,11
56624,53,60055,53,allow,328,87,241,4,52,2,2
56667,53,36173,53,allow,232,94,138,2,30,1,1
56684,53,5087,53,allow,194,94,100,2,30,1,1
65001,53,27011,53,allow,200,78,122,2,30,1,1
56751,53,35800,53,allow,177,94,83,2,30,1,1
52127,80,9783,80,allow,2412,1750,662,13,36,9,4
12939,53,12939,53,allow,216,82,134,2,32,1,1
52486,443,26318,443,allow,57366,41661,15705,111,440,66,45
52238,48996,43886,48996,allow,70,70,0,1,5,1,0
55848,53,3289,53,allow,387,134,253,2,30,1,1
65484,53,10578,53,allow,195,86,109,2,30,1,1
49695,53,29724,53,allow,240,102,138,2,30,1,1
64877,53,41929,53,allow,209,110,99,2,30,1,1
43516,53,56876,53,allow,168,78,90,2,30,1,1
52865,443,19165,443,allow,13139,6481,6658,36,262,16,20
50684,443,36548,443,allow,6909,2495,4414,20,15,11,9
52013,80,47338,80,allow,27271,12050,15221,45,38,24,21
51946,80,42668,80,allow,1716,952,764,13,69,8,5
52160,80,10438,80,allow,502,310,192,9,31,6,3
52267,55982,31620,55982,allow,70,70,0,2,6,2,0
24965,53,24965,53,allow,247,98,149,2,32,1,1
52266,31225,1238,31225,allow,70,70,0,1,5,1,0
51930,443,10848,443,allow,9114,2713,6401,33,82,15,18
38999,443,34634,443,allow,12742,1983,10759,47,123,14,33
57986,80,48652,80,allow,1056,682,374,10,15,6,4
49410,53,59985,53,allow,324,87,237,4,55,2,2
54877,53,59244,53,allow,199,94,105,2,30,1,1
49432,53,21540,53,allow,199,94,105,2,30,1,1
49743,53,1715,53,allow,210,94,116,2,30,1,1
49913,53,15271,53,allow,177,94,83,2,30,1,1
39311,443,39728,443,allow,12825,8114,4711,63,269,25,38
42046,443,15950,443,allow,10195,2175,8020,25,187,14,11
44323,5228,8392,5228,allow,7292,4509,2783,50,6392,25,25
55072,53,55776,53,allow,177,94,83,2,30,1,1
49980,53,9358,53,allow,168,94,74,2,31,1,1
55306,53,44864,53,allow,177,94,83,2,31,1,1
47739,5228,19332,5228,allow,2852,2143,709,16,121,8,8
6881,6881,13981,6881,allow,150,150,0,1,1200,1,0
65078,53,50659,53,allow,177,94,83,2,30,1,1
49980,53,26131,53,allow,152,78,74,2,30,1,1
55065,53,9474,53,allow,168,78,90,2,30,1,1
45151,53,40658,53,allow,168,78,90,2,30,1,1
55072,53,50967,53,allow,177,94,83,2,31,1,1
57470,13613,53702,13613,allow,1577,594,983,20,1638,10,10
53637,443,7341,443,allow,8473,1099,7374,20,119,9,11
50064,80,16215,80,allow,186,64,122,4,25,2,2
50065,80,29478,80,allow,4709,4006,703,11,25,6,5
58964,80,7375,80,allow,5541,4758,783,16,16,8,8
57262,53,45135,53,allow,94,94,0,1,30,1,0
53638,443,29587,443,allow,2090,1100,990,17,119,9,8
28007,443,40494,443,allow,31586,15587,15999,213,884,105,108
49964,53,64934,53,allow,749,94,655,2,30,1,1
49854,443,20438,443,allow,5578,2780,2798,14,120,7,7
64112,24707,56635,24707,allow,66,66,0,2,8,2,0
53895,443,16317,443,allow,375374,160846,214528,633,1412,294,339
56751,53,10691,53,allow,177,94,83,2,30,1,1
55563,53,42353,53,allow,177,94,83,2,30,1,1
55619,445,0,0,drop,70,70,0,1,0,1,0
3456,11392,0,0,deny,62,62,0,1,0,1,0
50942,445,0,0,drop,70,70,0,1,0,1,0
50939,445,0,0,drop,70,70,0,1,0,1,0
50941,445,0,0,drop,70,70,0,1,0,1,0
443,34920,0,0,deny,60,60,0,1,0,1,0
15774,56205,0,0,deny,66,66,0,1,0,1,0
50937,445,0,0,drop,70,70,0,1,0,1,0
443,14591,0,0,deny,131,131,0,1,0,1,0
63421,44847,0,0,deny,66,66,0,1,0,1,0
62949,37965,0,0,deny,62,62,0,1,0,1,0
55517,25174,0,0,deny,66,66,0,1,0,1,0
50935,445,0,0,drop,70,70,0,1,0,1,0
63346,37965,0,0,deny,66,66,0,1,0,1,0
42564,50584,0,0,deny,62,62,0,1,0,1,0
51032,445,0,0,drop,66,66,0,1,0,1,0
45652,10214,0,0,deny,62,62,0,1,0,1,0
33314,44847,0,0,deny,62,62,0,1,0,1,0
52470,14037,0,0,deny,66,66,0,1,0,1,0
1024,35894,0,0,deny,62,62,0,1,0,1,0
43704,37965,0,0,deny,66,66,0,1,0,1,0
48830,5900,0,0,deny,60,60,0,1,0,1,0
51024,445,0,0,drop,66,66,0,1,0,1,0
55608,445,0,0,drop,70,70,0,1,0,1,0
56039,50584,0,0,deny,62,62,0,1,0,1,0
50928,445,0,0,drop,70,70,0,1,0,1,0
59977,30188,0,0,deny,66,66,0,1,0,1,0
26884,57866,0,0,deny,74,74,0,1,0,1,0
61624,30317,0,0,deny,66,66,0,1,0,1,0
51021,445,0,0,drop,66,66,0,1,0,1,0
60141,30188,0,0,deny,66,66,0,1,0,1,0
52812,25174,0,0,deny,62,62,0,1,0,1,0
11643,81,0,0,deny,60,60,0,1,0,1,0
52769,51221,0,0,deny,62,62,0,1,0,1,0
50920,445,0,0,drop,70,70,0,1,0,1,0
11056,6881,0,0,deny,62,62,0,1,0,1,0
50917,445,0,0,drop,70,70,0,1,0,1,0
51014,445,0,0,drop,66,66,0,1,0,1,0
6666,62078,0,0,deny,60,60,0,1,0,1,0
39213,25174,0,0,deny,62,62,0,1,0,1,0
47063,15503,0,0,deny,146,146,0,1,0,1,0
56428,30317,0,0,deny,66,66,0,1,0,1,0
51007,445,0,0,drop,66,66,0,1,0,1,0
24534,50584,0,0,deny,62,62,0,1,0,1,0
50913,445,0,0,drop,70,70,0,1,0,1,0
50912,445,0,0,drop,70,70,0,1,0,1,0
42981,44847,0,0,deny,146,146,0,1,0,1,0
7151,37965,0,0,deny,66,66,0,1,0,1,0
60722,37965,0,0,deny,62,62,0,1,0,1,0
56940,5900,0,0,deny,60,60,0,1,0,1,0
65003,57470,0,0,deny,78,78,0,1,0,1,0
56366,51221,0,0,deny,66,66,0,1,0,1,0
3945,35440,0,0,deny,66,66,0,1,0,1,0
55597,445,0,0,drop,70,70,0,1,0,1,0
55595,445,0,0,drop,70,70,0,1,0,1,0
55596,445,0,0,drop,70,70,0,1,0,1,0
50996,445,0,0,drop,66,66,0,1,0,1,0
50997,445,0,0,drop,66,66,0,1,0,1,0
50998,445,0,0,drop,66,66,0,1,0,1,0
50991,445,0,0,drop,66,66,0,1,0,1,0
50995,445,0,0,drop,66,66,0,1,0,1,0
50994,445,0,0,drop,66,66,0,1,0,1,0
50993,445,0,0,drop,66,66,0,1,0,1,0
50990,445,0,0,drop,66,66,0,1,0,1,0
50908,445,0,0,drop,70,70,0,1,0,1,0
36357,25174,0,0,deny,62,62,0,1,0,1,0
64333,57470,0,0,deny,78,78,0,1,0,1,0
35319,51505,0,0,deny,62,62,0,1,0,1,0
56876,11392,0,0,deny,66,66,0,1,0,1,0
50907,445,0,0,drop,70,70,0,1,0,1,0
47141,50584,0,0,deny,62,62,0,1,0,1,0
52340,22114,0,0,deny,62,62,0,1,0,1,0
6889,5529,0,0,deny,143,143,0,1,0,1,0
5151,50584,0,0,deny,62,62,0,1,0,1,0
40988,60043,0,0,deny,146,146,0,1,0,1,0
50902,445,0,0,drop,70,70,0,1,0,1,0
55593,445,0,0,drop,70,70,0,1,0,1,0
55592,445,0,0,drop,70,70,0,1,0,1,0
55582,445,0,0,drop,70,70,0,1,0,1,0
55580,445,0,0,drop,70,70,0,1,0,1,0
20012,8443,0,0,deny,60,60,0,1,0,1,0
50978,445,0,0,drop,66,66,0,1,0,1,0
50976,445,0,0,drop,66,66,0,1,0,1,0
50975,445,0,0,drop,66,66,0,1,0,1,0
59610,51505,0,0,deny,66,66,0,1,0,1,0
64406,25174,0,0,deny,62,62,0,1,0,1,0
50506,10214,0,0,deny,66,66,0,1,0,1,0
7110,25174,0,0,deny,66,66,0,1,0,1,0
55575,445,0,0,drop,70,70,0,1,0,1,0
443,49988,0,0,deny,82,82,0,1,0,1,0
62111,35440,0,0,deny,66,66,0,1,0,1,0
60799,25174,0,0,deny,66,66,0,1,0,1,0
6666,5000,0,0,deny,60,60,0,1,0,1,0
1116,44847,0,0,deny,66,66,0,1,0,1,0
61202,35894,0,0,deny,66,66,0,1,0,1,0
55569,445,0,0,drop,70,70,0,1,0,1,0
55568,445,0,0,drop,70,70,0,1,0,1,0
55567,445,0,0,drop,70,70,0,1,0,1,0
50889,445,0,0,drop,70,70,0,1,0,1,0
35744,64147,0,0,deny,66,66,0,1,0,1,0
26424,27189,0,0,deny,66,66,0,1,0,1,0
1038,37965,0,0,deny,62,62,0,1,0,1,0
50886,445,0,0,drop,70,70,0,1,0,1,0
50127,64147,0,0,deny,62,62,0,1,0,1,0
61183,25174,0,0,deny,62,62,0,1,0,1,0
59972,25174,0,0,deny,62,62,0,1,0,1,0
55558,445,0,0,drop,70,70,0,1,0,1,0
55555,445,0,0,drop,70,70,0,1,0,1,0
55551,445,0,0,drop,70,70,0,1,0,1,0
55043,57470,0,0,deny,78,78,0,1,0,1,0
60128,22114,0,0,deny,62,62,0,1,0,1,0
14263,22114,0,0,deny,66,66,0,1,0,1,0
7521,20234,0,0,deny,157,157,0,1,0,1,0
27153,50584,0,0,deny,146,146,0,1,0,1,0
50963,445,0,0,drop,66,66,0,1,0,1,0
50882,445,0,0,drop,70,70,0,1,0,1,0
50880,445,0,0,drop,70,70,0,1,0,1,0
10669,49756,0,0,deny,60,60,0,1,0,1,0
10669,49756,0,0,deny,60,60,0,1,0,1,0
10669,49756,0,0,deny,60,60,0,1,0,1,0
10669,49756,0,0,deny,60,60,0,1,0,1,0
10669,49756,0,0,deny,60,60,0,1,0,1,0
10594,25174,0,0,deny,146,146,0,1,0,1,0
50878,445,0,0,drop,70,70,0,1,0,1,0
49001,48817,0,0,deny,160,160,0,1,0,1,0
56432,35253,0,0,deny,66,66,0,1,0,1,0
55550,445,0,0,drop,70,70,0,1,0,1,0
63321,37807,0,0,deny,66,66,0,1,0,1,0
55512,23718,0,0,deny,66,66,0,1,0,1,0
55547,445,0,0,drop,70,70,0,1,0,1,0
19875,30170,0,0,deny,145,145,0,1,0,1,0
43671,17372,0,0,deny,62,62,0,1,0,1,0
45941,23386,0,0,deny,60,60,0,1,0,1,0
50871,445,0,0,drop,70,70,0,1,0,1,0
48071,25174,0,0,deny,62,62,0,1,0,1,0
50950,445,0,0,drop,66,66,0,1,0,1,0
50947,445,0,0,drop,66,66,0,1,0,1,0
54280,3385,0,0,deny,60,60,0,1,0,1,0
47266,25174,0,0,deny,146,146,0,1,0,1,0
50869,445,0,0,drop,70,70,0,1,0,1,0
28875,51505,0,0,deny,62,62,0,1,0,1,0
36229,62413,0,0,deny,62,62,0,1,0,1,0
52225,31985,35881,31985,allow,66,66,0,1,5,1,0
52234,64624,43132,64624,allow,136,136,0,3,14,3,0
57575,443,57575,443,allow,206737,25710,181027,212,180,75,137
57573,443,57573,443,allow,775362,32338,743024,683,180,169,514
55410,53,27764,53,allow,711,87,624,2,30,1,1
55059,53,53925,53,allow,711,87,624,2,30,1,1
2182,53,2182,53,allow,643,88,555,2,30,1,1
55613,53,34338,53,allow,170,87,83,2,30,1,1
64775,443,64775,443,allow,4559,1652,2907,19,27,11,8
52277,443,52277,443,allow,1880,941,939,17,21,7,10
51493,80,21444,80,allow,9524,736,8788,18,131,9,9
57570,443,57570,443,allow,175212,28668,146544,186,180,69,117
52224,37178,41727,37178,allow,136,136,0,3,14,3,0
56434,53,56434,53,allow,243,94,149,2,32,1,1
52259,25011,50909,25011,allow,70,70,0,2,8,2,0
55589,443,3953,443,allow,7894,1557,6337,20,150,9,11
53527,443,25088,443,allow,127391,26326,101065,179,172,76,103
55893,53,56779,53,allow,711,87,624,2,30,1,1
55836,53,8077,53,allow,170,87,83,2,31,1,1
64928,53,11072,53,allow,762,98,664,2,30,1,1
56752,53,39858,53,allow,701,88,613,2,30,1,1
49241,443,49241,443,allow,31778,6075,25703,54,49,28,26
60443,443,1656,443,allow,10961,4286,6675,53,320,21,32
52235,48910,47820,48910,allow,136,136,0,3,14,3,0
53993,6881,30701,6881,allow,70,70,0,2,8,2,0
52221,33166,38901,33166,allow,66,66,0,1,5,1,0
56597,443,50431,443,allow,10135129,248530,9886599,9808,64,3124,6684
64089,20260,49392,20260,allow,66,66,0,1,5,1,0
50895,443,61149,443,allow,130,70,60,3,5,2,1
64114,64126,30827,64126,allow,66,66,0,2,8,2,0
59937,443,15432,443,allow,7701,3981,3720,27,70,12,15
55592,443,17919,443,allow,8049,1560,6489,19,150,9,10
55591,443,37425,443,allow,7902,1565,6337,20,150,9,11
56811,443,16024,443,allow,8020,2000,6020,20,15,11,9
49336,80,14005,80,allow,3060,1219,1841,11,19,7,4
53527,5228,55667,5228,allow,9674,1776,7898,29,3764,11,18
51152,443,11725,443,allow,44048,4441,39607,97,317,43,54
64111,1830,17922,1830,allow,66,66,0,2,8,2,0
52230,47803,46448,47803,allow,136,136,0,3,14,3,0
56812,443,34534,443,allow,8073,2053,6020,20,15,11,9
55590,443,56220,443,allow,7906,1569,6337,20,150,9,11
52260,52142,32000,52142,allow,70,70,0,2,8,2,0
55100,53,57209,53,allow,711,87,624,2,30,1,1
56810,443,52495,443,allow,8072,2052,6020,20,16,11,9
59895,53,59895,53,allow,643,88,555,2,30,1,1
42625,443,18977,443,allow,218298,5904,212394,220,120,63,157
46422,80,48489,80,allow,1447,468,979,9,181,5,4
44847,18659,47289,18659,allow,150,150,0,1,1200,1,0
54153,443,43773,443,allow,5008,2097,2911,13,121,6,7
3376,35440,0,0,deny,66,66,0,1,0,1,0
50868,445,0,0,drop,70,70,0,1,0,1,0
55538,445,0,0,drop,70,70,0,1,0,1,0
55532,445,0,0,drop,70,70,0,1,0,1,0
55530,445,0,0,drop,70,70,0,1,0,1,0
55529,445,0,0,drop,70,70,0,1,0,1,0
50867,445,0,0,drop,70,70,0,1,0,1,0
53243,57470,0,0,deny,74,74,0,1,0,1,0
50866,445,0,0,drop,70,70,0,1,0,1,0
50862,445,0,0,drop,70,70,0,1,0,1,0
50861,445,0,0,drop,70,70,0,1,0,1,0
2815,62413,0,0,deny,66,66,0,1,0,1,0
41477,50584,0,0,deny,66,66,0,1,0,1,0
59393,25174,0,0,deny,66,66,0,1,0,1,0
50945,445,0,0,drop,66,66,0,1,0,1,0
53089,24211,0,0,deny,62,62,0,1,0,1,0
55206,22114,0,0,deny,66,66,0,1,0,1,0
13406,22114,0,0,deny,62,62,0,1,0,1,0
18745,64147,0,0,deny,62,62,0,1,0,1,0
53189,62413,0,0,deny,62,62,0,1,0,1,0
50934,445,0,0,drop,66,66,0,1,0,1,0
50936,445,0,0,drop,66,66,0,1,0,1,0
50938,445,0,0,drop,66,66,0,1,0,1,0
50932,445,0,0,drop,66,66,0,1,0,1,0
55590,53,20424,53,allow,177,94,83,2,30,1,1
50929,445,0,0,drop,66,66,0,1,0,1,0
50927,445,0,0,drop,66,66,0,1,0,1,0
50928,445,0,0,drop,66,66,0,1,0,1,0
50848,445,0,0,drop,70,70,0,1,0,1,0
50847,445,0,0,drop,70,70,0,1,0,1,0
443,49988,0,0,deny,82,82,0,1,0,1,0
443,41237,0,0,deny,89,89,0,1,0,1,0
50843,445,0,0,drop,70,70,0,1,0,1,0
55523,445,0,0,drop,70,70,0,1,0,1,0
50838,445,0,0,drop,70,70,0,1,0,1,0
50837,445,0,0,drop,70,70,0,1,0,1,0
45964,2777,0,0,deny,60,60,0,1,0,1,0
55520,445,0,0,drop,70,70,0,1,0,1,0
55518,445,0,0,drop,70,70,0,1,0,1,0
55516,445,0,0,drop,70,70,0,1,0,1,0
53275,21247,0,0,deny,62,62,0,1,0,1,0
53750,25174,0,0,deny,62,62,0,1,0,1,0
65288,44847,0,0,deny,66,66,0,1,0,1,0
60003,36829,0,0,deny,66,66,0,1,0,1,0
53667,22114,0,0,deny,62,62,0,1,0,1,0
65270,3855,0,0,deny,78,78,0,1,0,1,0
51827,56205,0,0,deny,66,66,0,1,0,1,0
58835,17372,0,0,deny,66,66,0,1,0,1,0
42674,22114,0,0,deny,62,62,0,1,0,1,0
49587,35776,0,0,deny,157,157,0,1,0,1,0
50826,445,0,0,drop,70,70,0,1,0,1,0
12655,30627,0,0,deny,62,62,0,1,0,1,0
55514,445,0,0,drop,70,70,0,1,0,1,0
55515,445,0,0,drop,70,70,0,1,0,1,0
55509,445,0,0,drop,70,70,0,1,0,1,0
52102,443,62995,443,allow,343074,14649,328425,390,41,159,231
52262,14418,18744,14418,allow,70,70,0,2,8,2,0
52231,1026,54310,1026,allow,136,136,0,3,14,3,0
42873,443,33511,443,allow,3379,2111,1268,19,15,10,9
57441,53,7425,53,allow,177,94,83,2,30,1,1
54571,443,54134,443,allow,10546,2453,8093,28,15,16,12
51502,80,42285,80,allow,1515,481,1034,11,15,6,5
64581,53,7849,53,allow,514,88,426,4,42,2,2
34220,443,12969,443,allow,7946,2731,5215,27,18,15,12
50008,53,2633,53,allow,232,94,138,2,29,1,1
57470,21158,39017,21158,allow,2182,798,1384,19,1199,10,9
52211,80,22459,80,allow,8559,5109,3450,23,160,12,11
47159,443,53350,443,allow,777,432,345,10,15,5,5
49291,443,62267,443,allow,18607,4906,13701,47,255,20,27
49255,80,49255,80,allow,8453,961,7492,18,20,9,9
49300,443,26110,443,allow,8282,3240,5042,40,255,20,20
46452,53,46452,53,allow,247,98,149,2,32,1,1
21018,53,21018,53,allow,235,90,145,2,31,1,1
49913,53,61333,53,allow,177,94,83,2,29,1,1
55563,53,47396,53,allow,177,94,83,2,29,1,1
55135,53,55135,53,allow,220,90,130,2,29,1,1
50705,80,25198,80,allow,499,192,307,6,26,4,2
50697,80,65344,80,allow,318,192,126,6,27,4,2
35671,443,43722,443,allow,6824,1142,5682,24,134,13,11
52228,49974,17167,49974,allow,230,136,94,4,14,3,1
50746,443,34629,443,allow,8422,1676,6746,25,16,13,12
49486,7000,49486,7000,allow,3370,1595,1775,16,15,9,7
59877,443,61626,443,allow,9024,1533,7491,25,110,11,14
60526,443,60526,443,allow,1462,863,599,15,37,9,6
47009,53,0,0,allow,86,86,0,1,30,1,0
55067,443,5248,443,allow,17968,12031,5937,38,63,21,17
65077,53,33139,53,allow,734,86,648,2,30,1,1
52258,58792,14441,58792,allow,316,136,180,6,8,3,3
41431,443,64563,443,allow,190,70,120,4,15,2,2
49508,443,20014,443,allow,13719,5017,8702,40,283,20,20
52256,41337,31273,41337,allow,316,136,180,6,8,3,3
37419,443,55901,443,allow,558,210,348,9,28,4,5
51817,443,24496,443,allow,2811130,115323,2695807,3382,206,1445,1937
52232,35126,13178,35126,allow,70,70,0,1,5,1,0
60372,53,60372,53,allow,222,90,132,2,30,1,1
52220,65128,1362,65128,allow,70,70,0,1,5,1,0
52223,11979,45106,11979,allow,70,70,0,1,5,1,0
40189,443,26952,443,allow,7221,2940,4281,30,23,16,14
55836,53,20362,53,allow,177,94,83,2,30,1,1
52802,443,30052,443,allow,4202,1924,2278,27,80,13,14
55613,53,57785,53,allow,177,94,83,2,30,1,1
35216,123,45101,123,allow,184,94,90,2,30,1,1
51221,49857,1668,49857,allow,791,266,525,8,1200,4,4
65139,53,12315,53,allow,210,102,108,2,30,1,1
52101,80,34628,80,allow,55117,3792,51325,69,36,29,40
49474,7000,49474,7000,allow,2990,1599,1391,15,15,8,7
37466,443,58228,443,allow,13829,1724,12105,28,516,13,15
50700,80,14024,80,allow,648,256,392,8,27,5,3
50704,80,8069,80,allow,499,192,307,6,26,4,2
43744,53,43744,53,allow,235,90,145,2,32,1,1
50226,80,13987,80,allow,1746,780,966,19,102,7,12
50665,443,2947,443,allow,2626,1638,988,19,83,11,8
56441,80,54346,80,allow,17008,1379,15629,22,25,7,15
57441,53,33174,53,allow,177,94,83,2,30,1,1
1935,53,17873,53,allow,260,86,174,2,30,1,1
56022,53,29566,53,allow,728,102,626,2,30,1,1
50265,17555,24395,17555,allow,1488,930,558,21,1200,12,9
53973,50546,28275,50546,allow,2069,1081,988,12,16,7,5
57913,80,64220,80,allow,6515,1210,5305,15,23,8,7
49240,443,49240,443,allow,8448,3368,5080,25,48,15,10
53705,443,25596,443,allow,1579,988,591,13,44,7,6
64110,51617,13818,51617,allow,66,66,0,2,7,2,0
52233,42673,65112,42673,allow,136,136,0,3,14,3,0
56275,53,54180,53,allow,177,94,83,2,30,1,1
52222,11516,7975,11516,allow,70,70,0,1,5,1,0
60474,443,49891,443,allow,5888,1175,4713,19,76,11,8
35922,443,6231,443,allow,6997,1773,5224,27,17,15,12
50433,443,11749,443,allow,134,60,74,3,10,2,1
33042,443,32323,443,allow,130,70,60,2,14,1,1
59833,443,63196,443,allow,15252,5376,9876,35,154,16,19
52257,6712,42589,6712,allow,70,70,0,2,8,2,0
38716,443,32682,443,allow,90273,3481,86792,96,15,31,65
52226,48784,61623,48784,allow,70,70,0,1,5,1,0
52645,6881,55258,6881,allow,841,535,306,10,14,5,5
64081,59517,43134,59517,allow,504,382,122,8,16,6,2
55806,53,43969,53,allow,200,102,98,2,32,1,1
50057,53,42578,53,allow,177,94,83,2,29,1,1
52149,80,41444,80,allow,1638,1324,314,10,15,5,5
56730,53,39267,53,allow,177,94,83,2,29,1,1
52015,80,59849,80,allow,14830,11044,3786,27,37,15,12
53024,123,1742,123,allow,184,94,90,2,30,1,1
50366,80,48017,80,allow,23852,1662,22190,36,15,19,17
56730,53,28037,53,allow,177,94,83,2,30,1,1
55306,53,18601,53,allow,177,94,83,2,29,1,1
55354,53,28658,53,allow,168,94,74,2,30,1,1
54351,53,59901,53,allow,168,78,90,2,29,1,1
55613,53,25861,53,allow,177,94,83,2,30,1,1
55613,53,1186,53,allow,177,94,83,2,30,1,1
1937,53,32884,53,allow,210,78,132,2,30,1,1
51406,443,19359,443,allow,5360,3775,1585,22,35,13,9
55354,53,24160,53,allow,168,94,74,2,30,1,1
43625,53,13195,53,allow,86,86,0,1,30,1,0
56730,53,28651,53,allow,177,94,83,2,30,1,1
56962,53,33318,53,allow,210,102,108,2,30,1,1
50171,53,22623,53,allow,211,78,133,2,30,1,1
57470,8999,23972,8999,allow,1577,594,983,20,1616,10,10
65062,53,47695,53,allow,229,110,119,2,30,1,1
33065,443,50330,443,allow,6746,2826,3920,19,399,11,8
56528,443,54144,443,allow,8313,3597,4716,16,119,8,8
54391,80,1850,80,allow,1378,808,570,13,361,7,6
50698,80,39680,80,allow,318,192,126,6,27,4,2
60809,40010,63910,40010,allow,316,136,180,6,6,3,3
52255,16087,20036,16087,allow,70,70,0,2,8,2,0
55723,80,48588,80,allow,70,70,0,1,5,1,0
52229,54711,46262,54711,allow,136,136,0,3,14,3,0
45839,80,2983,80,allow,1638,1324,314,10,15,5,5
52048,80,14488,80,allow,41486,20844,20642,64,37,32,32
50961,5222,36046,5222,allow,8318,2850,5468,54,255,27,27
37426,443,35217,443,allow,7477,3305,4172,21,400,12,9
53176,58851,59130,58851,allow,70,70,0,2,8,2,0
59949,80,40471,80,allow,730296,15564,714732,723,57,218,505
41314,80,2894,80,allow,1723,438,1285,10,136,6,4
43225,443,17321,443,allow,3831584,85342,3746242,3246,110,597,2649
55836,53,51304,53,allow,177,94,83,2,30,1,1
39097,443,24428,443,allow,6747,2827,3920,19,399,11,8
46295,443,39789,443,allow,178,118,60,2,15,1,1
54343,443,5667,443,allow,7990,2701,5289,30,61,17,13
50707,80,44331,80,allow,16427,3830,12597,28,25,12,16
52261,48208,15422,48208,allow,70,70,0,2,8,2,0
49335,80,26214,80,allow,1193,703,490,8,18,5,3
43227,443,35933,443,allow,1139403,49178,1090225,1155,108,353,802
123,123,15177,123,allow,184,94,90,2,30,1,1
1938,53,25817,53,allow,210,78,132,2,30,1,1
37427,443,48428,443,allow,10281,4850,5431,23,400,13,10
50584,51413,16088,51413,allow,475,150,325,2,1200,1,1
51221,40624,20030,40624,allow,594,594,0,10,1200,10,0
57470,8999,31471,8999,allow,1577,594,983,20,1614,10,10
55387,443,54944,443,allow,3997,1374,2623,14,136,7,7
19473,45556,7986,45556,allow,469,150,319,2,1200,1,1
30188,12494,61043,12494,allow,502,150,352,2,1200,1,1
57470,24276,41676,24276,allow,132,132,0,3,1200,3,0
21133,51413,43233,51413,allow,460,150,310,2,1200,1,1
55650,53,22960,53,allow,179,94,85,2,31,1,1
53126,53,53126,53,allow,247,98,149,2,32,1,1
58990,53,6423,53,allow,168,78,90,2,30,1,1
21846,53,21846,53,allow,247,98,149,2,33,1,1
5111,53,5111,53,allow,235,90,145,2,33,1,1
53980,36153,43274,36153,allow,164,70,94,2,5,1,1
40785,443,32724,443,allow,646,292,354,10,41,5,5
46271,7700,56460,7700,allow,1440,956,484,15,36,8,7
50253,53,23205,53,allow,167,86,81,2,31,1,1
57449,80,1245,80,allow,4508,2978,1530,13,15,6,7
52194,443,33437,443,allow,9075,3727,5348,38,50,18,20
56841,53,62125,53,allow,177,94,83,2,30,1,1
55494,53,4891,53,allow,255,102,153,2,30,1,1
50920,445,0,0,drop,66,66,0,1,0,1,0
55507,445,0,0,drop,70,70,0,1,0,1,0
53305,50584,0,0,deny,62,62,0,1,0,1,0
50919,445,0,0,drop,66,66,0,1,0,1,0
63495,50584,0,0,deny,66,66,0,1,0,1,0
50915,445,0,0,drop,66,66,0,1,0,1,0
50917,445,0,0,drop,66,66,0,1,0,1,0
50913,445,0,0,drop,66,66,0,1,0,1,0
51114,25174,0,0,deny,66,66,0,1,0,1,0
59549,50584,0,0,deny,66,66,0,1,0,1,0
50822,445,0,0,drop,70,70,0,1,0,1,0
59107,25174,0,0,deny,66,66,0,1,0,1,0
443,49988,0,0,deny,82,82,0,1,0,1,0
45941,23388,0,0,deny,60,60,0,1,0,1,0
55504,445,0,0,drop,70,70,0,1,0,1,0
55310,50584,0,0,deny,66,66,0,1,0,1,0
50813,445,0,0,drop,70,70,0,1,0,1,0
50811,445,0,0,drop,70,70,0,1,0,1,0
50810,445,0,0,drop,70,70,0,1,0,1,0
36992,25174,0,0,deny,62,62,0,1,0,1,0
55498,445,0,0,drop,70,70,0,1,0,1,0
55491,445,0,0,drop,70,70,0,1,0,1,0
993,34205,0,0,deny,66,66,0,1,0,1,0
50807,445,0,0,drop,70,70,0,1,0,1,0
50806,445,0,0,drop,70,70,0,1,0,1,0
50903,445,0,0,drop,66,66,0,1,0,1,0
20112,64147,0,0,deny,62,62,0,1,0,1,0
27507,25174,0,0,deny,62,62,0,1,0,1,0
54539,26467,0,0,deny,62,62,0,1,0,1,0
61583,64147,0,0,deny,66,66,0,1,0,1,0
26420,25174,0,0,deny,66,66,0,1,0,1,0
443,49988,0,0,deny,82,82,0,1,0,1,0
57325,60043,0,0,deny,62,62,0,1,0,1,0
50800,445,0,0,drop,70,70,0,1,0,1,0
50895,445,0,0,drop,66,66,0,1,0,1,0
59497,64097,0,0,deny,66,66,0,1,0,1,0
56576,9000,0,0,deny,60,60,0,1,0,1,0
61932,25174,0,0,deny,66,66,0,1,0,1,0
22029,50584,0,0,deny,66,66,0,1,0,1,0
55481,445,0,0,drop,70,70,0,1,0,1,0
58460,36237,0,0,deny,66,66,0,1,0,1,0
65003,57470,0,0,deny,78,78,0,1,0,1,0
51348,25174,0,0,deny,66,66,0,1,0,1,0
63409,50265,0,0,deny,66,66,0,1,0,1,0
50893,445,0,0,drop,66,66,0,1,0,1,0
443,35385,0,0,deny,161,161,0,1,0,1,0
50792,445,0,0,drop,70,70,0,1,0,1,0
3914,37965,0,0,deny,62,62,0,1,0,1,0
3911,37965,0,0,deny,66,66,0,1,0,1,0
50789,445,0,0,drop,70,70,0,1,0,1,0
32722,25174,0,0,deny,62,62,0,1,0,1,0
50885,445,0,0,drop,66,66,0,1,0,1,0
53353,26467,0,0,deny,62,62,0,1,0,1,0
35616,21247,0,0,deny,146,146,0,1,0,1,0
50882,445,0,0,drop,66,66,0,1,0,1,0
3093,62413,0,0,deny,62,62,0,1,0,1,0
31410,25174,0,0,deny,62,62,0,1,0,1,0
50785,445,0,0,drop,70,70,0,1,0,1,0
50784,445,0,0,drop,70,70,0,1,0,1,0
53194,35440,0,0,deny,66,66,0,1,0,1,0
10652,57470,0,0,deny,66,66,0,1,0,1,0
62838,44847,0,0,deny,66,66,0,1,0,1,0
14578,50584,0,0,deny,66,66,0,1,0,1,0
6546,37965,0,0,deny,62,62,0,1,0,1,0
3667,56205,0,0,deny,146,146,0,1,0,1,0
50780,445,0,0,drop,70,70,0,1,0,1,0
40418,25174,0,0,deny,62,62,0,1,0,1,0
64333,57470,0,0,deny,78,78,0,1,0,1,0
443,49988,0,0,deny,82,82,0,1,0,1,0
55468,445,0,0,drop,70,70,0,1,0,1,0
55469,445,0,0,drop,70,70,0,1,0,1,0
55467,445,0,0,drop,70,70,0,1,0,1,0
50867,445,0,0,drop,66,66,0,1,0,1,0
50863,445,0,0,drop,66,66,0,1,0,1,0
50869,445,0,0,drop,66,66,0,1,0,1,0
50865,445,0,0,drop,66,66,0,1,0,1,0
50870,445,0,0,drop,66,66,0,1,0,1,0
50868,445,0,0,drop,66,66,0,1,0,1,0
50866,445,0,0,drop,66,66,0,1,0,1,0
50864,445,0,0,drop,66,66,0,1,0,1,0
50779,445,0,0,drop,70,70,0,1,0,1,0
58229,50584,0,0,deny,66,66,0,1,0,1,0
60058,11392,0,0,deny,66,66,0,1,0,1,0
8889,63001,0,0,deny,60,60,0,1,0,1,0
11317,61248,0,0,reset-both,143,143,0,1,0,1,0
52044,44847,0,0,deny,146,146,0,1,0,1,0
56075,23,0,0,deny,60,60,0,1,0,1,0
25565,47158,0,0,deny,60,60,0,1,0,1,0
50774,445,0,0,drop,70,70,0,1,0,1,0
55463,445,0,0,drop,70,70,0,1,0,1,0
55567,53,51894,53,allow,184,80,104,2,0,1,1
55458,445,0,0,drop,70,70,0,1,0,1,0
55460,445,0,0,drop,70,70,0,1,0,1,0
55452,445,0,0,drop,70,70,0,1,0,1,0
56098,64147,0,0,deny,66,66,0,1,0,1,0
53120,25174,0,0,deny,146,146,0,1,0,1,0
57607,21247,0,0,deny,66,66,0,1,0,1,0
13168,35440,0,0,deny,62,62,0,1,0,1,0
50850,445,0,0,drop,66,66,0,1,0,1,0
50848,445,0,0,drop,66,66,0,1,0,1,0
50847,445,0,0,drop,66,66,0,1,0,1,0
58463,11392,0,0,deny,66,66,0,1,0,1,0
22981,15503,0,0,deny,62,62,0,1,0,1,0
0,0,0,0,deny,98,98,0,1,0,1,0
0,0,0,0,deny,98,98,0,1,0,1,0
0,0,0,0,deny,98,98,0,1,0,1,0
0,0,0,0,allow,244,244,0,2,0,2,0
0,0,0,0,deny,98,98,0,1,0,1,0
0,0,0,0,deny,82,82,0,1,0,1,0
0,0,0,0,deny,98,98,0,1,0,1,0
0,0,0,0,deny,98,98,0,1,0,1,0
62971,44847,0,0,deny,62,62,0,1,0,1,0
443,9863,0,0,deny,60,60,0,1,0,1,0
55448,445,0,0,drop,70,70,0,1,0,1,0
48706,23393,0,0,deny,60,60,0,1,0,1,0
32983,51221,0,0,deny,66,66,0,1,0,1,0
443,48056,0,0,deny,135,135,0,1,0,1,0
55043,57470,0,0,deny,78,78,0,1,0,1,0
55443,445,0,0,drop,70,70,0,1,0,1,0
55441,445,0,0,drop,70,70,0,1,0,1,0
55440,445,0,0,drop,70,70,0,1,0,1,0
50761,445,0,0,drop,70,70,0,1,0,1,0
5223,32965,0,0,deny,220,220,0,1,0,1,0
23031,22114,0,0,deny,146,146,0,1,0,1,0
53544,21247,0,0,deny,66,66,0,1,0,1,0
58758,22114,0,0,deny,66,66,0,1,0,1,0
26821,57866,0,0,deny,62,62,0,1,0,1,0
38565,51505,0,0,deny,62,62,0,1,0,1,0
50758,445,0,0,drop,70,70,0,1,0,1,0
45064,25174,0,0,deny,62,62,0,1,0,1,0
57793,37807,0,0,deny,66,66,0,1,0,1,0
1730,37965,0,0,deny,145,145,0,1,0,1,0
54131,57866,0,0,deny,66,66,0,1,0,1,0
57779,22114,0,0,deny,146,146,0,1,0,1,0
55430,445,0,0,drop,70,70,0,1,0,1,0
55427,445,0,0,drop,70,70,0,1,0,1,0
55423,445,0,0,drop,70,70,0,1,0,1,0
50754,445,0,0,drop,70,70,0,1,0,1,0
43571,26467,0,0,deny,62,62,0,1,0,1,0
58861,26467,0,0,deny,66,66,0,1,0,1,0
50752,445,0,0,drop,70,70,0,1,0,1,0
993,58185,0,0,deny,129,129,0,1,0,1,0
50837,445,0,0,drop,66,66,0,1,0,1,0
50750,445,0,0,drop,70,70,0,1,0,1,0
10467,25174,0,0,deny,146,146,0,1,0,1,0
7105,25174,0,0,deny,66,66,0,1,0,1,0
10430,22114,0,0,deny,146,146,0,1,0,1,0
18986,44847,0,0,deny,66,66,0,1,0,1,0
63765,51221,0,0,deny,62,62,0,1,0,1,0
39393,22114,0,0,deny,62,62,0,1,0,1,0
443,45788,0,0,deny,332,332,0,1,0,1,0
61637,25174,0,0,deny,66,66,0,1,0,1,0
55422,445,0,0,drop,70,70,0,1,0,1,0
64431,53,52524,53,allow,170,87,83,2,31,1,1
40932,8434,40932,8434,allow,156,156,0,3,8,3,0
49564,443,50036,443,allow,180388,3938,176450,145,161,20,125
64715,53,13561,53,allow,770,102,668,2,30,1,1
53276,80,53276,80,allow,42664,1998,40666,53,27,20,33
36712,53,0,0,allow,138,69,69,2,30,1,1
57171,3389,57171,3389,allow,3428,1714,1714,16,33,8,8
26249,7000,26249,7000,allow,2269,815,1454,14,16,7,7
49484,7000,49484,7000,allow,2958,1567,1391,15,15,8,7
51432,80,51432,80,allow,42247,4067,38180,58,25,23,35
64113,22211,60375,22211,allow,312,132,180,6,7,3,3
52274,443,52274,443,allow,6679,2408,4271,23,20,10,13
61443,443,44561,443,allow,7832,1143,6689,19,26,9,10
56807,443,49269,443,allow,8020,2000,6020,20,16,11,9
45315,80,28283,80,allow,6087687,127446,5960241,5920,28,1981,3939
62333,443,8530,443,allow,4019,2219,1800,33,186,17,16
38400,53,0,0,allow,82,82,0,1,30,1,0
56659,53,59706,53,allow,711,87,624,2,30,1,1
63738,443,63738,443,allow,4349,1442,2907,19,27,11,8
57424,53,35431,53,allow,711,87,624,2,30,1,1
56809,443,9000,443,allow,7929,1909,6020,20,15,11,9
56808,443,31717,443,allow,7981,1961,6020,20,15,11,9
49483,7000,49483,7000,allow,755531,16955,738576,785,16,265,520
8416,8416,61571,8416,allow,66,66,0,1,30,1,0
56838,53,49360,53,allow,170,87,83,2,30,1,1
57436,53,43639,53,allow,733,85,648,2,30,1,1
52246,52840,54967,52840,allow,258,70,188,4,9,2,2
56343,53,26546,53,allow,170,87,83,2,30,1,1
8415,8415,47085,8415,allow,66,66,0,1,30,1,0
52025,80,59666,80,allow,87927,9680,78247,101,37,40,61
52280,443,52280,443,allow,1615,941,674,15,20,7,8
17052,53,17052,53,allow,235,90,145,2,32,1,1
56275,53,11893,53,allow,170,87,83,2,30,1,1
41774,53,0,0,allow,82,82,0,1,30,1,0
8414,8414,6179,8414,allow,66,66,0,1,30,1,0
50190,53,51481,53,allow,754,94,660,2,30,1,1
55650,53,47564,53,allow,174,89,85,2,30,1,1
55797,53,58319,53,allow,170,87,83,2,31,1,1
50972,3544,45034,3544,allow,258,107,151,2,31,1,1
51443,53,51443,53,allow,217,87,130,2,31,1,1
55325,53,64305,53,allow,711,87,624,2,31,1,1
56663,53,34654,53,allow,178,91,87,2,31,1,1
56882,53,4292,53,allow,87,87,0,2,61,2,0
6881,64422,29110,64422,allow,219,111,108,2,1201,1,1
65284,53,18214,53,allow,758,96,662,2,31,1,1
26458,44847,0,0,deny,146,146,0,1,0,1,0
55420,445,0,0,drop,70,70,0,1,0,1,0
23383,64147,0,0,deny,62,62,0,1,0,1,0
50415,64147,0,0,deny,66,66,0,1,0,1,0
50743,445,0,0,drop,70,70,0,1,0,1,0
26906,22114,0,0,deny,62,62,0,1,0,1,0
65507,53,7082,53,allow,229,102,127,2,30,1,1
50822,443,34134,443,allow,89322,8569,80753,102,316,31,71
53197,80,29002,80,allow,748,459,289,8,254,5,3
53195,443,44058,443,allow,2016,1160,856,17,46,9,8
50183,443,52770,443,allow,6348,1071,5277,18,42,10,8
56841,53,54383,53,allow,177,94,83,2,29,1,1
50253,53,52044,53,allow,167,86,81,2,29,1,1
56838,53,18546,53,allow,177,94,83,2,29,1,1
64431,53,6973,53,allow,177,94,83,2,30,1,1
39636,80,39636,80,allow,4774,553,4221,13,20,6,7
62069,443,28586,443,allow,38455,5252,33203,71,60,41,30
51263,443,47905,443,allow,143597,6963,136634,206,439,103,103
55650,53,39411,53,allow,179,94,85,2,29,1,1
38280,80,34023,80,allow,748,459,289,8,254,5,3
50170,53,38281,53,allow,260,86,174,2,29,1,1
56755,443,63082,443,allow,1327,918,409,10,26,6,4
42441,123,34753,123,allow,184,94,90,2,30,1,1
50744,443,51827,443,allow,6811,1923,4888,21,15,11,10
56838,53,39774,53,allow,177,94,83,2,30,1,1
55590,53,49633,53,allow,177,94,83,2,29,1,1
50078,53,55714,53,allow,177,94,83,2,29,1,1
60017,443,62960,443,allow,5291,2624,2667,28,145,15,13
48783,53,0,0,allow,86,86,0,1,30,1,0
56285,443,32543,443,allow,185763,7360,178403,201,120,68,133
37786,443,52361,443,allow,5544,2626,2918,28,145,15,13
40074,443,9837,443,allow,412322,17503,394819,466,140,167,299
64431,53,36891,53,allow,177,94,83,2,30,1,1
51982,80,16574,80,allow,2776,2091,685,9,47,5,4
57038,53,18909,53,allow,194,102,92,2,33,1,1
45315,443,19700,443,allow,56118,3429,52689,77,26,35,42
50187,443,52959,443,allow,6363,1073,5290,18,38,10,8
50186,443,57350,443,allow,6363,1073,5290,18,38,10,8
61361,443,58250,443,allow,7653,1226,6427,24,18,14,10
52053,80,43263,80,allow,27839,14036,13803,46,36,24,22
56092,53,34391,53,allow,177,94,83,2,30,1,1
55594,53,43491,53,allow,167,86,81,2,30,1,1
56343,53,46504,53,allow,177,94,83,2,30,1,1
51684,80,23150,80,allow,1515,481,1034,11,15,6,5
55059,443,19056,443,allow,32852,17447,15405,61,64,32,29
50188,443,57063,443,allow,6357,1079,5278,18,32,10,8
50185,443,5992,443,allow,6350,1071,5279,18,42,10,8
50184,443,37537,443,allow,6349,1071,5278,18,42,10,8
35519,80,60080,80,allow,841,715,126,5,15,3,2
46587,443,46587,443,allow,30701,1538,29163,40,16,14,26
58589,80,4699,80,allow,1360,900,460,10,515,6,4
36535,443,34984,443,allow,3319,2176,1143,21,15,11,10
61362,443,23026,443,allow,7653,1226,6427,24,18,14,10
42117,443,44867,443,allow,9999,4008,5991,33,345,18,15
61364,443,17656,443,allow,7653,1226,6427,24,18,14,10
53168,23074,22420,23074,allow,958,454,504,14,21,8,6
56092,53,54654,53,allow,177,94,83,2,30,1,1
55915,53,47313,53,allow,86,86,0,1,30,1,0
55226,443,25011,443,allow,711879,19394,692485,724,98,238,486
65330,53,32414,53,allow,733,94,639,2,30,1,1
56343,53,54537,53,allow,177,94,83,2,30,1,1
55867,53,45353,53,allow,178,94,84,2,30,1,1
55963,53,19959,53,allow,316,94,222,2,30,1,1
57038,53,31637,53,allow,194,102,92,2,30,1,1
65520,53,2299,53,allow,379,94,285,2,30,1,1
64439,53,36419,53,allow,359,134,225,2,30,1,1
50698,5900,50698,5900,allow,130,66,64,2,5,1,1
8204,53,48850,53,allow,86,86,0,1,30,1,0
60376,443,40016,443,allow,6608,1843,4765,44,120,23,21
52101,443,56883,443,allow,5706850,104758,5602092,5170,41,1379,3791
60407,443,48240,443,allow,308771,8699,300072,322,30,112,210
56757,443,47194,443,allow,6205,986,5219,16,25,10,6
44250,443,49251,443,allow,3374,2106,1268,19,15,10,9
33119,80,62481,80,allow,1638,1324,314,10,14,5,5
32895,443,18670,443,allow,76969,3534,73435,97,34,40,57
53169,44707,23330,44707,allow,1078,518,560,16,21,9,7
53975,40978,50066,40978,allow,1946,1019,927,10,15,6,4
51120,587,51120,587,allow,320,128,192,6,6,3,3
43129,443,48108,443,allow,4579,580,3999,13,22,5,8
64996,53,37849,53,allow,547,91,456,4,35,2,2
52609,18081,52609,18081,allow,66,66,0,1,5,1,0
49250,80,27382,80,allow,1623,629,994,8,75,5,3
51324,465,51324,465,allow,320,128,192,6,5,3,3
50406,443,46416,443,allow,6470,897,5573,24,55,9,15
49485,7080,49485,7080,allow,2960,432,2528,11,15,6,5
50182,443,53780,443,allow,6349,1071,5278,18,42,10,8
52195,443,42007,443,allow,3470,1776,1694,20,48,10,10
55729,63805,38910,63805,allow,70,70,0,2,8,2,0
50181,443,22681,443,allow,6350,1071,5279,18,42,10,8
56407,53,58288,53,allow,216,102,114,2,29,1,1
33539,443,27903,443,allow,3244,2042,1202,17,16,9,8
56275,53,62167,53,allow,177,94,83,2,29,1,1
58174,443,55907,443,allow,11141,2777,8364,33,58,14,19
50078,53,19314,53,allow,185,102,83,2,29,1,1
55329,443,60850,443,allow,18284,2468,15816,42,26,22,20
49778,53,15143,53,allow,255,102,153,2,29,1,1
64067,53,52701,53,allow,329,94,235,2,29,1,1
59343,80,59343,80,allow,32527,13068,19459,56,15,21,35
49674,53,9150,53,allow,211,102,109,2,29,1,1
56343,53,52506,53,allow,177,94,83,2,29,1,1
61363,443,19587,443,allow,7653,1226,6427,24,18,14,10
61360,443,42103,443,allow,7653,1226,6427,24,18,14,10
26900,27017,38585,27017,allow,6466,3520,2946,38,46,21,17
49458,53,15275,53,allow,280,94,186,2,30,1,1
55745,443,5170,443,allow,11503,3691,7812,30,240,14,16
49364,53,17404,53,allow,307,307,0,4,60,4,0
59847,443,26253,443,allow,11950,1590,10360,33,90,16,17
55836,53,33356,53,allow,177,94,83,2,30,1,1
60590,443,17721,443,allow,41114,1554,39560,49,120,18,31
52100,80,3260,80,allow,30068,3203,26865,43,35,19,24
55732,45682,36442,45682,allow,70,70,0,2,8,2,0
49201,80,60094,80,allow,2986,825,2161,10,135,6,4
56492,53,4383,53,allow,212,102,110,2,30,1,1
34750,80,47643,80,allow,111678,5254,106424,150,240,71,79
50180,443,51713,443,allow,6349,1071,5278,18,42,10,8
55542,443,51637,443,allow,58975,3359,55616,78,26,34,44
56905,80,13949,80,allow,78,78,0,2,8,2,0
55731,36432,38455,36432,allow,70,70,0,2,8,2,0
37335,443,14228,443,allow,130,70,60,3,5,2,1
54104,443,3216,443,allow,190,70,120,4,15,2,2
56838,53,31421,53,allow,327,87,240,4,50,2,2
64709,53,11434,53,allow,821,102,719,2,30,1,1
55154,443,34870,443,allow,2251,1098,1153,25,120,12,13
50179,443,33699,443,allow,5419,1080,4339,17,42,10,7
62232,80,47630,80,allow,1511,517,994,8,15,5,3
62918,993,34205,993,allow,8324,3635,4689,76,53,35,41
9521,443,4635,443,allow,7231,1442,5789,21,30,10,11
52107,80,35011,80,allow,9902,8772,1130,18,35,10,8
55594,53,22728,53,allow,167,86,81,2,30,1,1
55066,443,25317,443,allow,12715,3716,8999,28,62,16,12
56515,53,36823,53,allow,177,94,83,2,30,1,1
49988,443,49988,443,allow,2123,1050,1073,23,120,11,12
55420,53,38783,53,allow,177,94,83,2,30,1,1
55053,53,47870,53,allow,216,102,114,2,30,1,1
55867,53,60176,53,allow,178,94,84,2,31,1,1
50641,443,27533,443,allow,1473,890,583,13,140,7,6
43199,5228,42030,5228,allow,10588,2455,8133,46,5724,19,27
56431,53,28557,53,allow,177,94,83,2,31,1,1
56586,53,32780,53,allow,177,94,83,2,31,1,1
64796,53,3205,53,allow,184,94,90,2,31,1,1
64431,53,35945,53,allow,177,94,83,2,31,1,1
64124,443,56676,443,allow,1411,852,559,13,25,7,6
55869,53,8327,53,allow,196,102,94,2,31,1,1
53251,53,53251,53,allow,247,98,149,2,34,1,1
31994,53,31994,53,allow,244,98,146,2,33,1,1
2099,53,2099,53,allow,217,82,135,2,33,1,1
49857,53,15096,53,allow,173,94,79,2,30,1,1
57840,53,57840,53,allow,183,82,101,2,30,1,1
55869,53,64090,53,allow,196,102,94,2,30,1,1
49396,53,60623,53,allow,216,102,114,2,30,1,1
55732,53,29178,53,allow,177,94,83,2,30,1,1
55797,53,36305,53,allow,177,94,83,2,31,1,1
34920,53,40562,53,allow,168,78,90,2,31,1,1
65289,53,7871,53,allow,179,94,85,2,31,1,1
56906,53,55216,53,allow,167,86,81,2,31,1,1
50741,445,0,0,drop,70,70,0,1,0,1,0
50821,445,0,0,drop,66,66,0,1,0,1,0
50818,445,0,0,drop,66,66,0,1,0,1,0
50740,445,0,0,drop,70,70,0,1,0,1,0
17408,8497,0,0,deny,148,148,0,1,0,1,0
57015,25174,0,0,deny,66,66,0,1,0,1,0
50739,445,0,0,drop,70,70,0,1,0,1,0
50738,445,0,0,drop,70,70,0,1,0,1,0
50735,445,0,0,drop,70,70,0,1,0,1,0
50732,445,0,0,drop,70,70,0,1,0,1,0
17002,22114,0,0,deny,62,62,0,1,0,1,0
63677,15503,0,0,deny,66,66,0,1,0,1,0
63508,62413,0,0,deny,66,66,0,1,0,1,0
55409,445,0,0,drop,70,70,0,1,0,1,0
55408,445,0,0,drop,70,70,0,1,0,1,0
55404,445,0,0,drop,70,70,0,1,0,1,0
55402,445,0,0,drop,70,70,0,1,0,1,0
10833,23,0,0,deny,60,60,0,1,0,1,0
50816,445,0,0,drop,66,66,0,1,0,1,0
56679,51505,0,0,deny,62,62,0,1,0,1,0
12645,22114,0,0,deny,146,146,0,1,0,1,0
50720,445,0,0,drop,70,70,0,1,0,1,0
50719,445,0,0,drop,70,70,0,1,0,1,0
18771,35440,0,0,deny,62,62,0,1,0,1,0
50717,445,0,0,drop,70,70,0,1,0,1,0
3976,25174,0,0,deny,62,62,0,1,0,1,0
50809,445,0,0,drop,66,66,0,1,0,1,0
50799,445,0,0,drop,66,66,0,1,0,1,0
50807,445,0,0,drop,66,66,0,1,0,1,0
50800,445,0,0,drop,66,66,0,1,0,1,0
50803,445,0,0,drop,66,66,0,1,0,1,0
50808,445,0,0,drop,66,66,0,1,0,1,0
50801,445,0,0,drop,66,66,0,1,0,1,0
50709,445,0,0,drop,70,70,0,1,0,1,0
50710,445,0,0,drop,70,70,0,1,0,1,0
68,67,0,0,deny,346,346,0,1,0,1,0
57297,51221,0,0,deny,66,66,0,1,0,1,0
10874,25174,0,0,deny,62,62,0,1,0,1,0
55395,445,0,0,drop,70,70,0,1,0,1,0
55392,445,0,0,drop,70,70,0,1,0,1,0
55389,445,0,0,drop,70,70,0,1,0,1,0
55388,445,0,0,drop,70,70,0,1,0,1,0
38959,25174,0,0,deny,62,62,0,1,0,1,0
50698,445,0,0,drop,70,70,0,1,0,1,0
1030,35776,0,0,deny,139,139,0,1,0,1,0
62952,35440,0,0,deny,66,66,0,1,0,1,0
55386,445,0,0,drop,70,70,0,1,0,1,0
55385,445,0,0,drop,70,70,0,1,0,1,0
55384,445,0,0,drop,70,70,0,1,0,1,0
50793,445,0,0,drop,66,66,0,1,0,1,0
55379,445,0,0,drop,70,70,0,1,0,1,0
14263,22114,0,0,deny,62,62,0,1,0,1,0
50790,445,0,0,drop,66,66,0,1,0,1,0
17146,57470,0,0,deny,62,62,0,1,0,1,0
1582,56205,0,0,deny,62,62,0,1,0,1,0
50789,445,0,0,drop,66,66,0,1,0,1,0
80,13987,0,0,deny,66,66,0,1,0,1,0
50787,445,0,0,drop,66,66,0,1,0,1,0
50694,445,0,0,drop,70,70,0,1,0,1,0
50786,445,0,0,drop,66,66,0,1,0,1,0
29719,22114,0,0,deny,146,146,0,1,0,1,0
20457,51185,0,0,deny,72,72,0,1,0,1,0
38852,37965,0,0,deny,62,62,0,1,0,1,0
50683,445,0,0,drop,70,70,0,1,0,1,0
50682,445,0,0,drop,70,70,0,1,0,1,0
50684,445,0,0,drop,70,70,0,1,0,1,0
50681,445,0,0,drop,70,70,0,1,0,1,0
55374,445,0,0,drop,70,70,0,1,0,1,0
50677,445,0,0,drop,70,70,0,1,0,1,0
60714,50584,0,0,deny,66,66,0,1,0,1,0
55370,445,0,0,drop,70,70,0,1,0,1,0
55363,445,0,0,drop,70,70,0,1,0,1,0
41213,25174,0,0,deny,62,62,0,1,0,1,0
28579,64147,0,0,deny,62,62,0,1,0,1,0
63988,22114,0,0,deny,66,66,0,1,0,1,0
57643,28189,0,0,deny,60,60,0,1,0,1,0
62080,54532,0,0,deny,60,60,0,1,0,1,0
50775,445,0,0,drop,66,66,0,1,0,1,0
48706,23393,0,0,deny,60,60,0,1,0,1,0
5610,37965,0,0,deny,66,66,0,1,0,1,0
15635,41182,0,0,deny,66,66,0,1,0,1,0
27419,23,0,0,deny,60,60,0,1,0,1,0
59088,57470,0,0,deny,62,62,0,1,0,1,0
59126,57470,0,0,deny,66,66,0,1,0,1,0
60193,53,20927,53,allow,214,85,129,2,0,1,1
54025,53,41690,53,allow,578,286,292,9,0,5,4
50672,445,0,0,drop,70,70,0,1,0,1,0
6796,50584,0,0,deny,62,62,0,1,0,1,0
45013,50584,0,0,deny,62,62,0,1,0,1,0
46760,50584,0,0,deny,146,146,0,1,0,1,0
25565,2216,0,0,deny,60,60,0,1,0,1,0
33912,25174,0,0,deny,62,62,0,1,0,1,0
993,49276,0,0,deny,129,129,0,1,0,1,0
50767,445,0,0,drop,66,66,0,1,0,1,0
29576,37807,0,0,deny,66,66,0,1,0,1,0
55351,445,0,0,drop,70,70,0,1,0,1,0
50594,25174,0,0,deny,66,66,0,1,0,1,0
6712,123,0,0,deny,90,90,0,1,0,1,0
61288,23,0,0,deny,60,60,0,1,0,1,0
443,35385,0,0,deny,161,161,0,1,0,1,0
50664,445,0,0,drop,70,70,0,1,0,1,0
27621,50584,0,0,deny,62,62,0,1,0,1,0
50661,445,0,0,drop,70,70,0,1,0,1,0
50764,445,0,0,drop,66,66,0,1,0,1,0
40394,67,0,0,deny,60,60,0,1,0,1,0
58593,57470,0,0,deny,62,62,0,1,0,1,0
50756,445,0,0,drop,66,66,0,1,0,1,0
50657,445,0,0,drop,70,70,0,1,0,1,0
50656,445,0,0,drop,70,70,0,1,0,1,0
50749,445,0,0,drop,66,66,0,1,0,1,0
50652,445,0,0,drop,70,70,0,1,0,1,0
28139,22114,0,0,deny,62,62,0,1,0,1,0
58440,22114,0,0,deny,146,146,0,1,0,1,0
5683,44847,0,0,deny,66,66,0,1,0,1,0
54051,28793,0,0,deny,66,66,0,1,0,1,0
64333,57470,0,0,deny,78,78,0,1,0,1,0
50650,445,0,0,drop,70,70,0,1,0,1,0
55341,445,0,0,drop,70,70,0,1,0,1,0
55340,445,0,0,drop,70,70,0,1,0,1,0
55339,445,0,0,drop,70,70,0,1,0,1,0
50738,445,0,0,drop,66,66,0,1,0,1,0
50735,445,0,0,drop,66,66,0,1,0,1,0
50741,445,0,0,drop,66,66,0,1,0,1,0
50742,445,0,0,drop,66,66,0,1,0,1,0
50737,445,0,0,drop,66,66,0,1,0,1,0
50740,445,0,0,drop,66,66,0,1,0,1,0
50736,445,0,0,drop,66,66,0,1,0,1,0
50734,445,0,0,drop,66,66,0,1,0,1,0
0,0,0,0,deny,60,60,0,1,0,1,0
0,0,0,0,deny,98,98,0,1,0,1,0
0,0,0,0,deny,60,60,0,1,0,1,0
0,0,0,0,deny,60,60,0,1,0,1,0
11775,25174,0,0,deny,62,62,0,1,0,1,0
64150,22114,0,0,deny,66,66,0,1,0,1,0
37959,3855,0,0,deny,72,72,0,1,0,1,0
51146,23117,0,0,deny,66,66,0,1,0,1,0
50646,445,0,0,drop,70,70,0,1,0,1,0
55043,57470,0,0,deny,78,78,0,1,0,1,0
14360,64147,0,0,deny,62,62,0,1,0,1,0
55427,64147,0,0,deny,66,66,0,1,0,1,0
55338,445,0,0,drop,70,70,0,1,0,1,0
55335,445,0,0,drop,70,70,0,1,0,1,0
55333,445,0,0,drop,70,70,0,1,0,1,0
55321,445,0,0,drop,70,70,0,1,0,1,0
50721,445,0,0,drop,66,66,0,1,0,1,0
50720,445,0,0,drop,66,66,0,1,0,1,0
50719,445,0,0,deny,66,66,0,1,0,1,0
57546,25174,0,0,deny,66,66,0,1,0,1,0
54502,34729,0,0,deny,66,66,0,1,0,1,0
32554,34729,0,0,deny,62,62,0,1,0,1,0
53626,30317,0,0,deny,66,66,0,1,0,1,0
7539,30317,0,0,deny,62,62,0,1,0,1,0
63640,57866,0,0,deny,66,66,0,1,0,1,0
50633,445,0,0,drop,70,70,0,1,0,1,0
55319,445,0,0,drop,70,70,0,1,0,1,0
58836,51505,0,0,deny,66,66,0,1,0,1,0
44710,25174,0,0,deny,62,62,0,1,0,1,0
55317,445,0,0,drop,70,70,0,1,0,1,0
55314,445,0,0,drop,70,70,0,1,0,1,0
55308,445,0,0,drop,70,70,0,1,0,1,0
50052,65008,0,0,deny,60,60,0,1,0,1,0
50630,445,0,0,drop,70,70,0,1,0,1,0
53260,36237,0,0,deny,62,62,0,1,0,1,0
53324,44847,0,0,deny,66,66,0,1,0,1,0
52564,15503,0,0,deny,74,74,0,1,0,1,0
58638,5900,58638,5900,allow,156,62,94,2,10,1,1
50147,443,13714,443,allow,9915,1833,8082,22,46,13,9
55109,53,12323,53,allow,711,87,624,2,30,1,1
23332,80,23332,80,allow,490,264,226,8,26,5,3
58638,5900,58638,5900,allow,156,62,94,2,10,1,1
59342,80,59342,80,allow,107768,4073,103695,177,15,58,119
8411,8411,36899,8411,allow,66,66,0,1,30,1,0
55869,53,59798,53,allow,192,98,94,2,30,1,1
27302,443,50050,443,allow,9046,1414,7632,25,84,10,15
22321,80,22321,80,allow,490,264,226,8,26,5,3
58957,80,23483,80,allow,13330975,109486,13221489,10177,23,1394,8783
56804,443,56989,443,allow,8074,2054,6020,20,15,11,9
55457,443,34189,443,allow,130,70,60,3,5,2,1
56083,53,60591,53,allow,711,87,624,2,30,1,1
56431,53,62997,53,allow,170,87,83,2,30,1,1
56806,443,15010,443,allow,8072,2052,6020,20,15,11,9
61054,53,61054,53,allow,237,91,146,2,33,1,1
54076,53,54076,53,allow,243,94,149,2,32,1,1
6527,53,6527,53,allow,235,90,145,2,32,1,1
52248,9323,44483,9323,allow,210,70,140,4,8,2,2
52270,443,52270,443,allow,1615,941,674,15,20,7,8
55867,53,58666,53,allow,172,88,84,2,30,1,1
56586,53,6320,53,allow,170,87,83,2,30,1,1
54898,443,54771,443,allow,78537,4022,74515,120,386,55,65
50823,443,50823,443,allow,1210,637,573,14,25,7,7
64796,53,48263,53,allow,184,94,90,2,31,1,1
58638,5900,58638,5900,allow,156,62,94,2,10,1,1
9519,443,34920,443,allow,3910,370,3540,16,34,5,11
9522,443,6233,443,allow,6146,709,5437,18,29,8,10
58638,5900,58638,5900,allow,156,62,94,2,10,1,1
52269,443,52269,443,allow,1615,941,674,15,20,7,8
58638,5900,58638,5900,allow,156,62,94,2,10,1,1
56805,443,33799,443,allow,8022,2002,6020,20,15,11,9
58638,5900,58638,5900,allow,156,62,94,2,10,1,1
65359,53,51803,53,allow,731,91,640,2,30,1,1
8413,8413,11663,8413,allow,66,66,0,1,30,1,0
56504,53,4684,53,allow,196,100,96,2,30,1,1
56919,53,26686,53,allow,170,87,83,2,30,1,1
8412,8412,23033,8412,allow,66,66,0,1,30,1,0
55491,443,47772,443,allow,5123,2651,2472,15,123,8,7
49506,53,26702,53,allow,200,102,98,2,31,1,1
65289,53,55084,53,allow,174,89,85,2,31,1,1
64722,53,22432,53,allow,184,94,90,2,31,1,1
50031,53,53719,53,allow,178,91,87,2,31,1,1
59086,53,59086,53,allow,235,90,145,2,32,1,1
50944,443,50944,443,allow,1210,637,573,14,25,7,7
51073,443,51073,443,allow,1210,637,573,14,25,7,7
64103,38976,24644,38976,allow,66,66,0,2,8,2,0
64105,6363,30786,6363,allow,66,66,0,2,8,2,0
40175,53,40175,53,allow,235,90,145,2,32,1,1
53976,52534,6002,52534,allow,70,70,0,1,5,1,0
28236,53,28236,53,allow,235,90,145,2,32,1,1
58638,5900,58638,5900,allow,156,62,94,2,10,1,1
64729,80,64729,80,allow,40906,1105,39801,45,142,13,32
9516,443,9863,443,allow,3909,369,3540,16,35,5,11
56733,53,47115,53,allow,187,98,89,3,52,2,1
37350,53,37350,53,allow,213,87,126,2,30,1,1
38104,443,51062,443,allow,8884,4067,4817,24,19,11,13
58254,80,49705,80,allow,1151,711,440,10,15,5,5
62160,53,62160,53,allow,205,81,124,2,30,1,1
5588,5588,0,0,allow,3354,1792,1562,46,194,23,23
55735,53,59032,53,allow,256,93,163,2,30,1,1
64171,53,19883,53,allow,174,89,85,2,30,1,1
53338,53,53532,53,allow,168,78,90,2,30,1,1
56262,53,64499,53,allow,170,87,83,2,31,1,1
56906,53,50869,53,allow,166,85,81,2,31,1,1
56322,53,0,0,allow,166,73,93,2,31,1,1
37965,56605,48626,56605,allow,847,152,695,4,1201,2,2
62825,443,8189,443,allow,17772,2595,15177,25,122,12,13
57033,53,60387,53,allow,754,94,660,2,31,1,1
56720,53,57762,53,allow,916,86,830,2,31,1,1
49321,53,16825,53,allow,184,94,90,2,31,1,1
27677,22114,0,0,deny,146,146,0,1,0,1,0
50547,22197,0,0,deny,66,66,0,1,0,1,0
51052,50584,0,0,deny,66,66,0,1,0,1,0
58230,64147,0,0,deny,66,66,0,1,0,1,0
30456,36237,0,0,deny,62,62,0,1,0,1,0
50625,445,0,0,drop,70,70,0,1,0,1,0
50624,445,0,0,drop,70,70,0,1,0,1,0
45269,50584,0,0,deny,62,62,0,1,0,1,0
55300,445,0,0,drop,70,70,0,1,0,1,0
55295,445,0,0,drop,70,70,0,1,0,1,0
35207,22114,0,0,deny,62,62,0,1,0,1,0
50622,445,0,0,drop,70,70,0,1,0,1,0
53127,443,41153,443,allow,13914,7812,6102,52,69,28,24
46568,443,33630,443,allow,6407,984,5423,21,360,11,10
42356,443,3759,443,allow,276,70,206,5,26,2,3
43900,443,13168,443,allow,442,250,192,8,25,5,3
56479,443,37707,443,allow,3041,1995,1046,17,16,8,9
52047,80,55413,80,allow,27784,13980,13804,44,35,22,22
53957,29970,1762,29970,allow,552,366,186,9,17,6,3
53951,80,8930,80,allow,78,78,0,2,7,2,0
38602,80,59364,80,allow,2586,832,1754,14,16,7,7
57410,443,21541,443,allow,7435,2697,4738,23,30,13,10
51136,443,51136,443,allow,1210,637,573,14,25,7,7
65131,53,28562,53,allow,443,98,345,4,57,2,2
4782,443,2792,443,allow,1191,692,499,12,39,7,5
49670,443,5760,443,allow,886,541,345,11,15,6,5
64082,43786,41878,43786,allow,504,382,122,8,14,6,2
21944,53,21944,53,allow,217,82,135,2,32,1,1
65053,53,65053,53,allow,235,90,145,2,31,1,1
53979,26308,29256,26308,allow,70,70,0,1,4,1,0
49188,53,58733,53,allow,621,111,510,4,35,2,2
52272,443,52272,443,allow,1615,941,674,15,20,7,8
39994,80,41282,80,allow,2387,930,1457,14,16,7,7
56515,53,8193,53,allow,177,94,83,2,29,1,1
57448,53,27842,53,allow,177,94,83,2,29,1,1
56906,53,48411,53,allow,167,86,81,2,29,1,1
50063,53,17752,53,allow,173,94,79,2,29,1,1
55650,53,4298,53,allow,179,94,85,2,29,1,1
61119,53,61119,53,allow,217,90,127,2,29,1,1
50063,53,53923,53,allow,173,94,79,2,30,1,1
55732,53,41995,53,allow,177,94,83,2,29,1,1
56176,53,13645,53,allow,177,94,83,2,30,1,1
51606,443,25122,443,allow,5188,1096,4092,21,95,12,9
48285,8080,0,0,allow,184,78,106,3,10,2,1
58638,5900,58638,5900,allow,160,66,94,2,9,1,1
62910,993,51747,993,allow,9108,4045,5063,84,72,39,45
63954,53,6162,53,allow,289,102,187,2,30,1,1
57152,53,57152,53,allow,241,98,143,2,30,1,1
49481,53,5935,53,allow,232,102,130,2,30,1,1
55061,443,38247,443,allow,18682,8068,10614,42,62,22,20
49482,7000,49482,7000,allow,3098,1611,1487,16,15,9,7
49364,443,26461,443,allow,8376,2198,6178,25,81,14,11
50972,3544,40157,3544,allow,409,107,302,4,30,2,2
56504,53,22416,53,allow,198,102,96,2,33,1,1
57035,80,15633,80,allow,953,524,429,11,256,6,5
51605,443,55829,443,allow,8095,3030,5065,27,95,14,13
65094,53,59382,53,allow,630,204,426,6,64,3,3
39892,443,8583,443,allow,2186,1319,867,23,20,13,10
51252,443,8705,443,allow,9600,4628,4972,41,16,24,17
64051,53,63556,53,allow,275,102,173,2,30,1,1
49837,53,3661,53,allow,183,102,81,2,30,1,1
65028,53,37363,53,allow,79,79,0,2,33,2,0
61544,53,18551,53,allow,325,86,239,2,30,1,1
64876,53,58020,53,allow,737,94,643,2,30,1,1
53500,443,64344,443,allow,558,210,348,9,29,4,5
64722,53,7575,53,allow,184,94,90,2,30,1,1
56262,53,63670,53,allow,177,94,83,2,30,1,1
45608,443,58506,443,allow,8487,2231,6256,26,350,12,14
56563,53,53188,53,allow,292,126,166,2,30,1,1
50031,53,15521,53,allow,181,94,87,2,30,1,1
64122,443,27502,443,allow,5121090,119252,5001838,5000,55,1680,3320
56431,53,59476,53,allow,177,94,83,2,30,1,1
21526,53,21526,53,allow,230,90,140,2,30,1,1
64796,53,58063,53,allow,184,94,90,2,30,1,1
49340,53,57846,53,allow,387,134,253,2,30,1,1
44839,443,42515,443,allow,308,84,224,4,120,2,2
40401,80,34965,80,allow,1603,1179,424,10,124,6,4
38135,80,24108,80,allow,111328,4904,106424,145,240,66,79
51377,443,25439,443,allow,2838,944,1894,12,135,7,5
57176,53,43366,53,allow,178,94,84,2,30,1,1
58991,443,64156,443,allow,972647,20727,951920,916,263,245,671
28441,23,28441,23,allow,152,66,86,2,7,1,1
60506,56243,34455,56243,allow,70,70,0,2,8,2,0
52569,80,52569,80,allow,93783,3885,89898,105,167,37,68
54388,53,31456,53,allow,168,78,90,2,30,1,1
64371,443,25379,443,allow,5925,3462,2463,13,120,7,6
51704,443,61850,443,allow,7117,619,6498,19,34,6,13
58975,80,4684,80,allow,214,140,74,4,15,3,1
53956,41578,43631,41578,allow,492,306,186,8,17,5,3
51251,443,24124,443,allow,7950,2502,5448,38,16,22,16
58855,80,59829,80,allow,1601,902,699,8,387,5,3
46201,443,55008,443,allow,16666,4851,11815,58,150,27,31
41249,443,56931,443,allow,2080,1126,954,17,150,10,7
59912,53,38804,53,allow,168,78,90,2,30,1,1
64926,53,0,0,allow,371,77,294,2,30,1,1
64171,53,47261,53,allow,179,94,85,2,30,1,1
46567,443,52746,443,allow,6407,984,5423,21,360,11,10
17750,6992,50842,6992,allow,150,150,0,1,1200,1,0
41325,443,55609,443,allow,6015,4418,1597,38,246,22,16
57356,443,8609,443,allow,7644,3087,4557,26,46,15,11
54030,443,52354,443,allow,249900,26024,223876,450,167,183,267
47152,443,10144,443,allow,11278,2044,9234,32,178,17,15
58856,443,60071,443,allow,2694,1614,1080,14,386,8,6
49224,53,4375,53,allow,199,102,97,2,32,1,1
52218,62004,11964,62004,allow,136,136,0,3,12,3,0
34331,443,11872,443,allow,120,60,60,3,4,2,1
43026,443,33561,443,allow,138,78,60,2,4,1,1
58638,5900,58638,5900,allow,160,66,94,2,9,1,1
58638,5900,58638,5900,allow,160,66,94,2,9,1,1
32515,443,32515,443,allow,34885,6636,28249,74,51,38,36
46822,3389,46822,3389,allow,3457,1568,1889,17,21,10,7
55867,53,49859,53,allow,178,94,84,2,29,1,1
36873,80,37820,80,allow,1115,534,581,12,16,7,5
60502,61473,62296,61473,allow,1628,1037,591,14,16,8,6
56919,53,21784,53,allow,177,94,83,2,29,1,1
50388,53,43330,53,allow,94,94,0,1,29,1,0
55797,53,20315,53,allow,177,94,83,2,29,1,1
56269,53,56636,53,allow,326,126,200,2,30,1,1
43830,443,46012,443,allow,2257,461,1796,9,39,4,5
55420,53,27651,53,allow,177,94,83,2,29,1,1
65290,53,22798,53,allow,181,94,87,2,29,1,1
40204,40017,36316,40017,allow,156,94,62,2,30,1,1
49506,53,12143,53,allow,200,102,98,2,30,1,1
65229,53,65530,53,allow,443,182,261,6,30,3,3
49837,53,9778,53,allow,167,86,81,2,30,1,1
65239,53,57855,53,allow,489,185,304,6,73,3,3
56586,53,54269,53,allow,177,94,83,2,30,1,1
64376,53,21911,53,allow,210,94,116,2,30,1,1
57448,53,10658,53,allow,177,94,83,2,29,1,1
56037,53,8318,53,allow,246,102,144,2,30,1,1
55797,53,21762,53,allow,177,94,83,2,30,1,1
56977,53,6420,53,allow,322,102,220,2,30,1,1
65290,53,6842,53,allow,181,94,87,2,29,1,1
49857,53,44627,53,allow,165,86,79,2,29,1,1
56919,53,40423,53,allow,177,94,83,2,29,1,1
56906,53,34993,53,allow,167,86,81,2,31,1,1
56307,53,55446,53,allow,185,102,83,2,31,1,1
56257,53,40578,53,allow,177,94,83,2,31,1,1
55605,53,12415,53,allow,300,88,212,4,51,2,2
49745,53,63902,53,allow,1472,98,1374,4,54,2,2
49603,53,34411,53,allow,326,126,200,2,30,1,1
55025,53,42219,53,allow,183,94,89,2,30,1,1
50031,53,40045,53,allow,181,94,87,2,30,1,1
56322,53,0,0,allow,629,73,556,2,30,1,1
58839,443,35385,443,allow,8595,2118,6477,40,179,22,18
49669,443,57280,443,allow,6911,897,6014,22,28,10,12
44246,5228,57956,5228,allow,19678,4762,14916,98,9851,54,44
62913,993,11946,993,allow,9122,4055,5067,84,67,39,45
45105,443,12616,443,allow,3607,2257,1350,22,19,12,10
33818,53,62977,53,allow,168,78,90,2,30,1,1
56176,53,54476,53,allow,177,94,83,2,30,1,1
55065,443,23726,443,allow,13236,4421,8815,28,61,16,12
64171,53,17588,53,allow,179,94,85,2,30,1,1
46569,443,56973,443,allow,6409,984,5425,21,360,11,10
59685,443,5373,443,allow,2316,1353,963,17,276,9,8
60508,55998,14688,55998,allow,70,70,0,2,8,2,0
52297,80,4278,80,allow,1061,574,487,13,256,7,6
49462,53,10345,53,allow,86,86,0,1,30,1,0
34484,53,27104,53,allow,86,86,0,1,30,1,0
65402,53,33102,53,allow,297,110,187,2,30,1,1
32185,53,63584,53,allow,86,86,0,1,30,1,0
49506,53,23058,53,allow,200,102,98,2,30,1,1
64722,53,27260,53,allow,184,94,90,2,30,1,1
56262,53,55550,53,allow,177,94,83,2,31,1,1
44191,443,19988,443,allow,7151,1943,5208,30,25,17,13
49231,443,44532,443,allow,474745,13542,461203,502,17,189,313
56663,53,10723,53,allow,181,94,87,2,33,1,1
58176,5223,41893,5223,allow,15152,5747,9405,46,56,20,26
53174,41442,13286,41442,allow,70,70,0,1,5,1,0
39538,80,23642,80,allow,2191,1142,1049,21,370,9,12
58974,80,55839,80,allow,214,140,74,4,15,3,1
65522,443,46739,443,allow,399281,11940,387341,412,16,145,267
45545,53,45545,53,allow,178,82,96,2,30,1,1
49293,53,22414,53,allow,811,94,717,2,30,1,1
64511,53,2785,53,allow,305,102,203,2,30,1,1
55025,53,22515,53,allow,183,94,89,2,30,1,1
65289,53,55210,53,allow,179,94,85,2,30,1,1
56919,53,56265,53,allow,177,94,83,2,30,1,1
56431,53,39797,53,allow,177,94,83,2,30,1,1
56572,53,63633,53,allow,177,94,83,2,31,1,1
56262,53,24636,53,allow,177,94,83,2,30,1,1
64917,53,41071,53,allow,194,94,100,2,30,1,1
51442,443,50943,443,allow,15321,3760,11561,56,170,23,33
49321,53,55835,53,allow,184,94,90,2,31,1,1
64370,443,23826,443,allow,2783,692,2091,10,120,5,5
49126,443,33194,443,allow,3800867,77753,3723114,3263,625,478,2785
60774,443,14767,443,allow,29739,1164,28575,40,120,15,25
49591,5228,57295,5228,allow,18548,2772,15776,41,3957,17,24
47963,443,46762,443,allow,8903,3095,5808,31,121,16,15
61445,443,34767,443,allow,97211,3043,94168,109,121,37,72
37142,443,20503,443,allow,17201,10578,6623,57,145,27,30
49160,33586,34033,33586,allow,1377,300,1077,6,1200,3,3
49506,53,52835,53,allow,200,102,98,2,31,1,1
64722,53,18980,53,allow,384,94,290,4,42,2,2
50740,443,2714,443,allow,3108,1730,1378,16,16,9,7
65066,80,65066,80,allow,874843,22526,852317,878,44,304,574
55053,443,17178,443,allow,6906,1283,5623,29,248,14,15
14446,443,21708,443,allow,2616,1470,1146,18,16,8,10
55869,53,49767,53,allow,196,102,94,2,30,1,1
64694,53,22388,53,allow,289,82,207,4,46,2,2
62922,993,33264,993,allow,9484,4222,5262,86,45,40,46
42354,443,60503,443,allow,4181,998,3183,14,27,7,7
59875,443,3172,443,allow,12357,5182,7175,30,108,13,17
54927,443,30686,443,allow,7148,1924,5224,35,364,19,16
42096,80,4456,80,allow,1711,698,1013,14,17,6,8
60503,53425,43534,53425,allow,504,318,186,8,16,5,3
54892,443,40724,443,allow,602278,26008,576270,748,396,317,431
33041,443,60563,443,allow,12375,6777,5598,28,49,13,15
65200,51050,0,0,deny,62,62,0,1,0,1,0
42417,22114,0,0,deny,62,62,0,1,0,1,0
50708,445,0,0,drop,66,66,0,1,0,1,0
55710,5555,0,0,deny,60,60,0,1,0,1,0
18652,64147,0,0,deny,62,62,0,1,0,1,0
11983,57470,0,0,deny,62,62,0,1,0,1,0
39588,25174,0,0,deny,66,66,0,1,0,1,0
443,35385,0,0,deny,161,161,0,1,0,1,0
55294,445,0,0,drop,70,70,0,1,0,1,0
43269,50584,0,0,deny,66,66,0,1,0,1,0
50615,445,0,0,drop,70,70,0,1,0,1,0
30966,44847,0,0,deny,146,146,0,1,0,1,0
61550,5529,0,0,deny,145,145,0,1,0,1,0
55293,445,0,0,drop,70,70,0,1,0,1,0
9518,1,0,0,deny,100,100,0,1,0,1,0
50613,445,0,0,drop,70,70,0,1,0,1,0
51598,56079,0,0,deny,66,66,0,1,0,1,0
47342,36237,0,0,deny,62,62,0,1,0,1,0
60676,57866,0,0,deny,66,66,0,1,0,1,0
50692,445,0,0,drop,66,66,0,1,0,1,0
50691,445,0,0,drop,66,66,0,1,0,1,0
50612,445,0,0,drop,70,70,0,1,0,1,0
26287,56205,0,0,deny,62,62,0,1,0,1,0
50611,445,0,0,drop,70,70,0,1,0,1,0
50610,445,0,0,drop,70,70,0,1,0,1,0
50606,445,0,0,drop,70,70,0,1,0,1,0
50604,445,0,0,drop,70,70,0,1,0,1,0
63421,44847,0,0,deny,66,66,0,1,0,1,0
58365,5900,0,0,deny,60,60,0,1,0,1,0
12909,47807,0,0,deny,148,148,0,1,0,1,0
6881,6881,0,0,deny,62,62,0,1,0,1,0
55283,445,0,0,drop,70,70,0,1,0,1,0
55280,445,0,0,drop,70,70,0,1,0,1,0
55277,445,0,0,drop,70,70,0,1,0,1,0
55275,445,0,0,drop,70,70,0,1,0,1,0
57539,44847,0,0,deny,62,62,0,1,0,1,0
40847,25174,0,0,deny,146,146,0,1,0,1,0
63346,37965,0,0,deny,66,66,0,1,0,1,0
56119,37965,0,0,deny,62,62,0,1,0,1,0
50592,445,0,0,drop,70,70,0,1,0,1,0
62949,37965,0,0,deny,62,62,0,1,0,1,0
43704,37965,0,0,deny,66,66,0,1,0,1,0
50591,445,0,0,drop,70,70,0,1,0,1,0
50689,445,0,0,drop,66,66,0,1,0,1,0
63050,57470,0,0,deny,74,74,0,1,0,1,0
50586,445,0,0,drop,70,70,0,1,0,1,0
50582,445,0,0,drop,70,70,0,1,0,1,0
50581,445,0,0,drop,70,70,0,1,0,1,0
50680,445,0,0,drop,66,66,0,1,0,1,0
50682,445,0,0,drop,66,66,0,1,0,1,0
50671,445,0,0,drop,66,66,0,1,0,1,0
50676,445,0,0,drop,66,66,0,1,0,1,0
50677,445,0,0,drop,66,66,0,1,0,1,0
50674,445,0,0,drop,66,66,0,1,0,1,0
50675,445,0,0,drop,66,66,0,1,0,1,0
55266,445,0,0,drop,70,70,0,1,0,1,0
48706,23393,0,0,deny,60,60,0,1,0,1,0
49786,25174,0,0,deny,66,66,0,1,0,1,0
55264,445,0,0,drop,70,70,0,1,0,1,0
55262,445,0,0,drop,70,70,0,1,0,1,0
55261,445,0,0,drop,70,70,0,1,0,1,0
36005,22,0,0,deny,60,60,0,1,0,1,0
65417,44847,0,0,deny,66,66,0,1,0,1,0
9231,3389,0,0,deny,66,66,0,1,0,1,0
39213,25174,0,0,deny,62,62,0,1,0,1,0
50570,445,0,0,drop,70,70,0,1,0,1,0
59096,8604,0,0,deny,66,66,0,1,0,1,0
57846,57866,0,0,deny,66,66,0,1,0,1,0
443,35385,0,0,deny,66,66,0,1,0,1,0
443,58101,0,0,deny,60,60,0,1,0,1,0
993,51747,0,0,deny,66,66,0,1,0,1,0
55259,445,0,0,drop,70,70,0,1,0,1,0
55256,445,0,0,drop,70,70,0,1,0,1,0
55253,445,0,0,drop,70,70,0,1,0,1,0
63002,22114,0,0,deny,66,66,0,1,0,1,0
50665,445,0,0,drop,66,66,0,1,0,1,0
55251,445,0,0,drop,70,70,0,1,0,1,0
57643,28189,0,0,deny,60,60,0,1,0,1,0
62080,54532,0,0,deny,60,60,0,1,0,1,0
50662,445,0,0,drop,66,66,0,1,0,1,0
50566,445,0,0,drop,70,70,0,1,0,1,0
443,50238,0,0,deny,331,331,0,1,0,1,0
10754,28793,0,0,deny,62,62,0,1,0,1,0
42973,57470,0,0,deny,62,62,0,1,0,1,0
50660,445,0,0,drop,66,66,0,1,0,1,0
50659,445,0,0,drop,66,66,0,1,0,1,0
3945,35440,0,0,deny,66,66,0,1,0,1,0
56428,30317,0,0,deny,66,66,0,1,0,1,0
50658,445,0,0,drop,66,66,0,1,0,1,0
58511,50584,0,0,deny,146,146,0,1,0,1,0
50557,445,0,0,drop,70,70,0,1,0,1,0
50556,445,0,0,drop,70,70,0,1,0,1,0
50555,445,0,0,drop,70,70,0,1,0,1,0
443,44683,0,0,deny,83,83,0,1,0,1,0
50552,445,0,0,drop,70,70,0,1,0,1,0
50550,445,0,0,drop,70,70,0,1,0,1,0
60861,25174,0,0,deny,66,66,0,1,0,1,0
60883,64147,0,0,deny,70,70,0,1,0,1,0
55246,445,0,0,drop,70,70,0,1,0,1,0
993,11946,0,0,deny,66,66,0,1,0,1,0
40772,15503,0,0,deny,74,74,0,1,0,1,0
443,35385,0,0,deny,66,66,0,1,0,1,0
443,35385,0,0,deny,97,97,0,1,0,1,0
443,35385,0,0,deny,130,130,0,1,0,1,0
55240,445,0,0,drop,70,70,0,1,0,1,0
55233,445,0,0,drop,70,70,0,1,0,1,0
47141,50584,0,0,deny,62,62,0,1,0,1,0
5151,50584,0,0,deny,62,62,0,1,0,1,0
50647,445,0,0,drop,66,66,0,1,0,1,0
50544,445,0,0,drop,70,70,0,1,0,1,0
34212,11392,0,0,deny,62,62,0,1,0,1,0
24127,23,0,0,deny,60,60,0,1,0,1,0
50506,10214,0,0,deny,66,66,0,1,0,1,0
45652,10214,0,0,deny,62,62,0,1,0,1,0
35610,37965,0,0,deny,62,62,0,1,0,1,0
57325,37965,0,0,deny,62,62,0,1,0,1,0
50639,445,0,0,drop,66,66,0,1,0,1,0
55223,445,0,0,drop,70,70,0,1,0,1,0
8889,3808,0,0,deny,60,60,0,1,0,1,0
50536,445,0,0,drop,70,70,0,1,0,1,0
55306,53,23236,53,allow,170,87,83,2,0,1,1
993,33264,0,0,deny,66,66,0,1,0,1,0
6666,2001,0,0,deny,60,60,0,1,0,1,0
50535,445,0,0,drop,70,70,0,1,0,1,0
50637,445,0,0,drop,66,66,0,1,0,1,0
61202,35894,0,0,deny,66,66,0,1,0,1,0
1024,35894,0,0,deny,62,62,0,1,0,1,0
13027,64147,0,0,deny,62,62,0,1,0,1,0
50530,445,0,0,drop,70,70,0,1,0,1,0
26424,27189,0,0,deny,66,66,0,1,0,1,0
53466,25174,0,0,deny,146,146,0,1,0,1,0
50528,445,0,0,drop,70,70,0,1,0,1,0
50360,37965,0,0,deny,62,62,0,1,0,1,0
50629,445,0,0,drop,66,66,0,1,0,1,0
6889,55108,0,0,deny,143,143,0,1,0,1,0
3117,37965,0,0,deny,62,62,0,1,0,1,0
50622,445,0,0,drop,66,66,0,1,0,1,0
50524,445,0,0,drop,70,70,0,1,0,1,0
53318,22114,0,0,deny,66,66,0,1,0,1,0
52033,50584,0,0,deny,66,66,0,1,0,1,0
31675,19473,0,0,deny,62,62,0,1,0,1,0
55043,57470,0,0,deny,78,78,0,1,0,1,0
45144,25174,0,0,deny,146,146,0,1,0,1,0
50523,445,0,0,drop,70,70,0,1,0,1,0
60453,22114,0,0,deny,146,146,0,1,0,1,0
20804,64147,0,0,deny,145,145,0,1,0,1,0
55216,445,0,0,drop,70,70,0,1,0,1,0
55212,445,0,0,drop,70,70,0,1,0,1,0
55211,445,0,0,drop,70,70,0,1,0,1,0
49677,25174,0,0,deny,62,62,0,1,0,1,0
55994,22114,0,0,deny,66,66,0,1,0,1,0
50607,445,0,0,drop,66,66,0,1,0,1,0
50614,445,0,0,drop,66,66,0,1,0,1,0
50609,445,0,0,drop,66,66,0,1,0,1,0
50610,445,0,0,drop,66,66,0,1,0,1,0
50613,445,0,0,drop,66,66,0,1,0,1,0
50608,445,0,0,drop,66,66,0,1,0,1,0
50606,445,0,0,drop,66,66,0,1,0,1,0
50612,445,0,0,drop,66,66,0,1,0,1,0
58055,56205,0,0,deny,146,146,0,1,0,1,0
50518,445,0,0,drop,70,70,0,1,0,1,0
45375,1900,0,0,deny,139,139,0,1,0,1,0
19136,64147,0,0,deny,62,62,0,1,0,1,0
63321,37807,0,0,deny,66,66,0,1,0,1,0
46417,22114,0,0,deny,146,146,0,1,0,1,0
41677,57470,0,0,deny,62,62,0,1,0,1,0
30303,56301,0,0,deny,169,169,0,1,0,1,0
49594,22114,0,0,deny,66,66,0,1,0,1,0
50655,26467,0,0,deny,66,66,0,1,0,1,0
2850,64147,0,0,deny,62,62,0,1,0,1,0
48071,25174,0,0,deny,62,62,0,1,0,1,0
6666,62078,0,0,deny,60,60,0,1,0,1,0
55209,445,0,0,drop,70,70,0,1,0,1,0
55204,445,0,0,drop,70,70,0,1,0,1,0
55203,445,0,0,drop,70,70,0,1,0,1,0
55199,445,0,0,drop,70,70,0,1,0,1,0
50594,445,0,0,drop,66,66,0,1,0,1,0
50593,445,0,0,drop,66,66,0,1,0,1,0
50591,445,0,0,drop,66,66,0,1,0,1,0
28875,51505,0,0,deny,62,62,0,1,0,1,0
50505,445,0,0,drop,70,70,0,1,0,1,0
55903,53,1701,53,allow,170,87,83,2,30,1,1
40204,40018,64999,40018,allow,150,88,62,2,30,1,1
52213,56682,55020,56682,allow,66,66,0,1,5,1,0
9515,443,54612,443,allow,318,192,126,6,34,4,2
55115,53,54899,53,allow,758,96,662,2,31,1,1
50687,443,7518,443,allow,1199,618,581,13,29,6,7
49476,7010,49476,7010,allow,4215,2090,2125,15,16,8,7
56803,443,62661,443,allow,8020,2000,6020,20,15,11,9
53971,18810,57788,18810,allow,70,70,0,1,5,1,0
64080,11801,41031,11801,allow,66,66,0,1,5,1,0
49722,443,18328,443,allow,9698,3026,6672,54,618,27,27
64681,53,5691,53,allow,86,86,0,1,60,1,0
56122,53,50294,53,allow,731,91,640,2,30,1,1
39023,443,14196,443,allow,1017,705,312,9,20,4,5
50686,443,4744,443,allow,1199,618,581,13,29,6,7
65130,80,61798,80,allow,2500,531,1969,11,76,6,5
50722,80,21337,80,allow,3235,555,2680,13,20,6,7
53171,11820,1212,11820,allow,698,320,378,10,16,6,4
50730,53,50730,53,allow,228,97,131,2,30,1,1
57047,53,47290,53,allow,1426,98,1328,4,53,2,2
49315,443,55462,443,allow,160961,7302,153659,171,87,49,122
29979,53,29979,53,allow,215,80,135,2,33,1,1
56801,443,16437,443,allow,8022,2002,6020,20,15,11,9
59799,443,59799,443,allow,4666,1759,2907,19,28,11,8
63431,443,3951,443,allow,3182,1568,1614,8,120,4,4
63217,443,63217,443,allow,11907,1406,10501,25,22,11,14
53964,24389,41775,24389,allow,1473,842,631,12,15,7,5
36103,443,46915,443,allow,130,70,60,2,15,1,1
53998,443,53998,443,allow,4613,1706,2907,19,30,11,8
56802,443,7219,443,allow,8072,2052,6020,20,15,11,9
52215,16937,53036,16937,allow,136,136,0,3,12,3,0
53967,54589,61471,54589,allow,70,70,0,1,5,1,0
9511,443,26929,443,allow,318,192,126,6,34,4,2
49477,7000,49477,7000,allow,5910,4455,1455,19,15,11,8
44884,443,1595,443,allow,309,309,0,1,5,1,0
56756,443,1855,443,allow,7565,2187,5378,27,24,15,12
54973,53,61675,53,allow,711,87,624,2,30,1,1
56265,53,18284,53,allow,733,85,648,2,30,1,1
55897,53,23504,53,allow,770,102,668,2,30,1,1
55975,53,49618,53,allow,711,87,624,2,30,1,1
56257,53,60774,53,allow,170,87,83,2,31,1,1
50134,53,40420,53,allow,733,86,647,2,31,1,1
56216,53,5035,53,allow,170,87,83,2,31,1,1
56272,443,56272,443,allow,4550,1643,2907,19,28,11,8
9514,443,6699,443,allow,318,192,126,6,34,4,2
49480,7000,49480,7000,allow,3050,1659,1391,16,15,9,7
46774,53,46774,53,allow,235,90,145,2,33,1,1
41614,5222,29157,5222,allow,768,510,258,9,21,5,4
59442,53,59442,53,allow,235,90,145,2,33,1,1
38698,443,26967,443,allow,628,250,378,11,39,5,6
56476,443,56476,443,allow,4624,1717,2907,19,30,11,8
54939,443,24418,443,allow,13018,3066,9952,65,361,33,32
55370,53,23288,53,allow,711,87,624,2,30,1,1
56800,443,17462,443,allow,8074,2054,6020,20,16,11,9
57176,53,30899,53,allow,172,88,84,2,30,1,1
55219,53,47738,53,allow,91,91,0,1,30,1,0
55806,53,53227,53,allow,200,102,98,2,30,1,1
55564,53,55564,53,allow,215,88,127,2,30,1,1
55349,53,28852,53,allow,744,89,655,2,30,1,1
55224,53,26209,53,allow,711,87,624,2,31,1,1
45205,443,55089,443,allow,7221,3151,4070,20,162,9,11
61077,443,19799,443,allow,4970,2272,2698,12,121,6,6
56255,53,37256,53,allow,701,88,613,2,31,1,1
49762,53,56822,53,allow,184,94,90,2,31,1,1
59513,53,0,0,allow,82,82,0,1,31,1,0
57237,443,44952,443,allow,3283,1030,2253,16,136,8,8
55647,53,53361,53,allow,250,86,164,4,31,2,2
56480,53,53765,53,allow,755,94,661,2,31,1,1
64124,53,26589,53,allow,182,93,89,2,31,1,1
57052,53,31599,53,allow,711,87,624,2,31,1,1
45154,53,45154,53,allow,236,108,128,2,31,1,1
55288,53,47176,53,allow,192,98,94,2,31,1,1
57374,53,45450,53,allow,733,86,647,2,31,1,1
56397,53,29734,53,allow,174,89,85,2,31,1,1
55082,53,13671,53,allow,755,93,662,2,31,1,1
5578,53,5578,53,allow,288,83,205,2,31,1,1
43056,443,9640,443,allow,31297,21354,9943,55,363,28,27
6881,16869,32052,16869,allow,509,150,359,2,1200,1,1
48706,23393,0,0,deny,60,60,0,1,0,1,0
18204,55160,0,0,deny,146,146,0,1,0,1,0
53189,62413,0,0,deny,62,62,0,1,0,1,0
13406,22114,0,0,deny,62,62,0,1,0,1,0
